code,local_name,series,set_id,prior_coverage,selection_reason,local_type,local_setcode,local_text_digest,segment_keys,official_cid,source_url,outcome,review_note
13408726,炼机圣之影灵衣,影灵衣,set:b4,none,现有万华镜标注与仪式展开场景；补齐完整系列,16777377,180,8b0b343fd78fe3fcbf1d6bd2b585e62012ea797955f59dcf1641010b11e14c96,"p-pre,p1,m-pre,m1,m2",20937,https://www.db.yugioh-card.com/yugiohdb/faq_search.action?cid=20937&ope=4&request_locale=ja,reviewed-added,灵摆 p1 与怪兽 m1/m2 分区；召唤手续非效果，怪兽①暂时自除外与对象除外同时处理。
14735698,影灵衣的降魔镜,影灵衣,set:b4,none,现有万华镜标注与仪式展开场景；补齐完整系列,130,180,6e13b93e7e51470450ff9635e218bb7fe0c6a711db3cb9ac0858c58bdedc6f8b,"m-pre,m1,m2",11490,https://www.db.yugioh-card.com/yugiohdb/faq_search.action?cid=11490&ope=4&request_locale=ja,reviewed-added,①结算时混用解放与墓地除外素材，随后仪式召唤；②墓地两卡除外费用后检索。
20773176,炎兽之影灵衣-神数艾可萨龙,影灵衣,set:b4,none,现有万华镜标注与仪式展开场景；补齐完整系列,16777249,11796676,ef9ccd5e8cab46e5560a922cde3c24660503c2fe5f64e83a49d7f152472d7efe,"p1,m-pre,m1",11702,https://www.db.yugioh-card.com/yugiohdb/faq_search.action?cid=11702&ope=4&request_locale=ja,reviewed-added,灵摆区仅锁灵摆召唤系列；怪兽区之外的①在其他系列卡被破坏后自特召。
21105106,索菲娅之影灵衣,影灵衣,set:b4,none,现有万华镜标注与仪式展开场景；补齐完整系列,161,180,601ac9511197b9f6e3dc673fe8cad64d8bb54dfd75d64d3f3f9c570279350622,"m-pre,m1,m2",11713,https://www.db.yugioh-card.com/yugiohdb/faq_search.action?cid=11713&ope=4&request_locale=ja,reviewed-added,手卡①两张丢弃费用锁对方当前主要阶段1；仪式召唤②整回合己方召唤自锁并除外双方其他场上／墓地卡。
25857246,瓦尔基鲁斯之影灵衣,影灵衣,set:b4,none,现有万华镜标注与仪式展开场景；补齐完整系列,161,180,ab609806352f981d2e67f77f5561c8777d3d82680dd9b2cc1210c85c09deb2cb,"m-pre,m1,m2",11487,https://www.db.yugioh-card.com/yugiohdb/faq_search.action?cid=11487&ope=4&request_locale=ja,reviewed-added,①费用双重支付后先无效攻击再结束战斗阶段；②结算时解放怪兽并抽等量，不误记为解放费用。
26674724,光枪龙之影灵衣,影灵衣,set:b4,none,现有万华镜标注与仪式展开场景；补齐完整系列,161,180,8f372496e2870231a9049dcbf2dae0185ce76d4da9506d1c130917d7de371c40,"m-pre,m1,m2",11484,https://www.db.yugioh-card.com/yugiohdb/faq_search.action?cid=11484&ope=4&request_locale=ja,reviewed-added,①手卡丢弃费用检索；②对象双方1至2只额外来源怪兽回持有者卡组／额外。
27796375,影灵衣大魔道士,影灵衣,set:b4,none,现有万华镜标注与仪式展开场景；补齐完整系列,33,180,5ba78c94b3604b93eb4c16d21ac400373a9d70da5944587bd8ed57a234b99d0e,"m-pre,m1,m2",11481,https://www.db.yugioh-card.com/yugiohdb/faq_search.action?cid=11481&ope=4&request_locale=ja,reviewed-added,效果解放与表侧除外两种触发互斥；①检索仪式怪兽，②卡组送墓非同名怪兽。
39468724,毒枪龙骑士之影灵衣,影灵衣,set:b4,none,现有万华镜标注与仪式展开场景；补齐完整系列,161,180,c2cb6440f3d31a076a98f2adcbb1a1e158ae2493822b57d73369db3af4bef281,"m-pre,m1,m2",15851,https://www.db.yugioh-card.com/yugiohdb/faq_search.action?cid=15851&ope=4&request_locale=ja,reviewed-added,①丢弃费用后结算时解放再卡组送墓；②响应怪兽效果，以解放费用无效发动并除外。
50596425,影灵衣的神魔镜,影灵衣,set:b4,none,现有万华镜标注与仪式展开场景；补齐完整系列,65538,180,ef8d6c1de3659cea2a5fd166fd63b1f63ee8077a7784506c6fe4c961ba23d0f6,"m-pre,m1,m2",20938,https://www.db.yugioh-card.com/yugiohdb/faq_search.action?cid=20938&ope=4&request_locale=ja,reviewed-added,①速攻仪式魔法可混合解放与额外卡组送墓素材，随后从手卡／表侧除外区仪式召唤；②墓地除外费用检索。
51124303,影灵衣的万华镜,影灵衣,set:b4,reviewed,现有万华镜标注与仪式展开场景；补齐完整系列,130,180,9678558b2a44d4bd947bc9e230e07a4eb97f1ca8be5060e2476ba05634bdb9bf,"m-pre,m1,m2",11491,https://www.db.yugioh-card.com/yugiohdb/faq_search.action?cid=11491&ope=4&request_locale=ja,skip-existing-reviewed,旧条目卡文指纹、分段、类别及官方OCG卡页/FAQ仍一致；保留原条目
51618973,影灵衣魔剑士 阿旺斯,影灵衣,set:b4,none,现有万华镜标注与仪式展开场景；补齐完整系列,33,180,d0c7c2a1ae940fe4c2b1a61f117e1048bba5a6319e72c38b612f1d66672ec6b7,"m-pre,m1,m2,m3",20935,https://www.db.yugioh-card.com/yugiohdb/faq_search.action?cid=20935&ope=4&request_locale=ja,reviewed-added,①召唤时特召非仪式怪兽；②非连锁单卡仪式素材规则；③效果解放后每决斗一次回收不同名除外卡。
52068432,三叉龙之影灵衣,影灵衣,set:b4,none,现有万华镜标注与仪式展开场景；补齐完整系列,161,180,7fe76e979592318083fd06dfccb258b4eafa493d9d2e413456bc4930e13d47f8,"m-pre,m1,m2",11485,https://www.db.yugioh-card.com/yugiohdb/faq_search.action?cid=11485&ope=4&request_locale=ja,reviewed-added,本地卡号52068432独立；①丢弃费用无效发动，②仪式召唤即刻从对方手卡／场上／墓地各除外1张且全有或全无。
52068433,三叉龙之影灵衣,影灵衣,set:b4,none,现有万华镜标注与仪式展开场景；补齐完整系列,161,180,7fe76e979592318083fd06dfccb258b4eafa493d9d2e413456bc4930e13d47f8,"m-pre,m1,m2",11485,https://www.db.yugioh-card.com/yugiohdb/faq_search.action?cid=11485&ope=4&request_locale=ja,reviewed-added,本地卡号52068433独立；①丢弃费用无效发动，②仪式召唤即刻从对方手卡／场上／墓地各除外1张且全有或全无。
52738610,影灵衣舞姬,影灵衣,set:b4,none,现有万华镜标注与仪式展开场景；补齐完整系列,33,180,1fd163f7e3086dfbd7281acc87a29efeba7ab8e61f1338f00bf9211db61c59c1,"m-pre,m1,m2",11548,https://www.db.yugioh-card.com/yugiohdb/faq_search.action?cid=11548&ope=4&request_locale=ja,reviewed-added,①保护己方仪式怪兽并阻止对方直接连锁仪式魔法卡的发动；②效果解放后取其他除外影灵衣怪兽回手。
52846880,灾亡虫之影灵衣,影灵衣,set:b4,none,现有万华镜标注与仪式展开场景；补齐完整系列,161,180,22898702db6cd517eef23f76d59ce5a6715a56b8dc65a170154757c7f810b776,"m-pre,m1,m2",11488,https://www.db.yugioh-card.com/yugiohdb/faq_search.action?cid=11488&ope=4&request_locale=ja,reviewed-added,①费用丢弃自身后只复活可特召的墓地影灵衣怪兽；②本卡或其他己方影灵衣战斗时强制破坏额外来源对方怪兽。
53180020,影灵衣战士 艾可萨龙,影灵衣,set:b4,none,现有万华镜标注与仪式展开场景；补齐完整系列,33,180,0a6883a486aa0b8ff453356f9b8e8db637c4468238b027110370e4093d82ba8e,"m-pre,m1,m2",11482,https://www.db.yugioh-card.com/yugiohdb/faq_search.action?cid=11482&ope=4&request_locale=ja,reviewed-added,效果解放检索龙族仪式怪兽，或表侧除外后对象复活其他影灵衣，两效果互斥。
56827051,影灵衣巫女 艾莉娅儿,影灵衣,set:b4,none,现有万华镜标注与仪式展开场景；补齐完整系列,33,180,5839f9d311787d1dc54c7354503f5eb22e7468951b3acb46d00c4bc2a574c9ce,"m-pre,m1,m2",12945,https://www.db.yugioh-card.com/yugiohdb/faq_search.action?cid=12945&ope=4&request_locale=ja,reviewed-added,①展示手卡为费用后调等级；②仅效果处理中的解放触发非仪式怪兽检索。
74122412,天枪龙之影灵衣,影灵衣,set:b4,none,现有万华镜标注与仪式展开场景；补齐完整系列,161,180,24a550d8a90fa4075477beab5542e2e31062eba24889d154d0eb678537541ffb,"m-pre,m1,m2",11564,https://www.db.yugioh-card.com/yugiohdb/faq_search.action?cid=11564&ope=4&request_locale=ja,reviewed-added,①手卡自身丢弃费用赋予保护；②场上丢弃系列卡费用后对象破坏，两个快速效果分别核对。
84388461,剑圣之影灵衣-神数剑士,影灵衣,set:b4,none,现有万华镜标注与仪式展开场景；补齐完整系列,16777249,55846371524,012e71a988fc1b8fec9c9e3db893b4e18fd092be1b29ffbd80a28f152df66a6b,"p1,m-pre,m1",11701,https://www.db.yugioh-card.com/yugiohdb/faq_search.action?cid=11701&ope=4&request_locale=ja,reviewed-added,灵摆区只限制可灵摆召唤系列；怪兽①自身解放费用后另选素材结算并仪式召唤。
87003671,影灵衣舞巫女 艾米莉娅,影灵衣,set:b4,none,现有万华镜标注与仪式展开场景；补齐完整系列,33,180,0a8bdb139c0639316b90f0c870acf1b78faa7609b99895bd2cb1c2c3f2673e6a,"m-pre,m1,m2,m3",20936,https://www.db.yugioh-card.com/yugiohdb/faq_search.action?cid=20936&ope=4&request_locale=ja,reviewed-added,①手卡特召、②召唤时检索、③非连锁单卡满足仪式素材等级分开记录。
88240999,决战兵器之影灵衣,影灵衣,set:b4,none,现有万华镜标注与仪式展开场景；补齐完整系列,161,180,c587f0ccb8b0e225203b061689ba48970feb5fd42b732a31f5fe3f178b205074,"m-pre,m1,m2",11489,https://www.db.yugioh-card.com/yugiohdb/faq_search.action?cid=11489&ope=4&request_locale=ja,reviewed-added,①手卡快速弃自身费用增攻守；②对方里侧卡发动时取对象，处理时即使转表侧仍破坏并除外。
89463537,尤尼科之影灵衣,影灵衣,set:b4,none,现有万华镜标注与仪式展开场景；补齐完整系列,161,180,7e801ba34c09e8c19d34cab6314a61d9b30e0c97f9a75b784749f595e99c2d83,"m-pre,m1,m2",11486,https://www.db.yugioh-card.com/yugiohdb/faq_search.action?cid=11486&ope=4&request_locale=ja,reviewed-added,①丢弃费用取墓地影灵衣卡回手；②持续无效场上表侧额外来源怪兽效果。
90307777,影灵衣术士 施里特,影灵衣,set:b4,none,现有万华镜标注与仪式展开场景；补齐完整系列,33,180,26c589c958dfa4cad8cf44396c2da6862a91f4eca154d7c50dc7a3b10d36802a,"m-pre,m1,m2",11480,https://www.db.yugioh-card.com/yugiohdb/faq_search.action?cid=11480&ope=4&request_locale=ja,reviewed-added,①手卡／场上／墓地素材等级替代非连锁；②效果解放后检索战士族仪式怪兽。
97211663,影灵衣的返魂术,影灵衣,set:b4,none,现有万华镜标注与仪式展开场景；补齐完整系列,130,180,7c98dcc2f769ed46c93c929b343dd2ce5654857f7d4428e50d2cc7103dc4c50f,"m-pre,m1,m2",11580,https://www.db.yugioh-card.com/yugiohdb/faq_search.action?cid=11580&ope=4&request_locale=ja,reviewed-added,①结算时解放素材，之后从手卡或墓地仪式召唤；②墓地两卡除外费用后检索。
99185129,辉剑鸟之影灵衣,影灵衣,set:b4,none,现有万华镜标注与仪式展开场景；补齐完整系列,161,180,f1c2961de165328225e81f0b538b49477cff319c0b0f728347ba1398197be182,"m-pre,m1,m2",11483,https://www.db.yugioh-card.com/yugiohdb/faq_search.action?cid=11483&ope=4&request_locale=ja,reviewed-added,①丢弃费用检索影灵衣魔陷；②快速取额外来源表侧怪兽，攻击力归0且效果无效。
6772168,召唤兽 俄刻阿诺斯,召唤兽,set:f4,none,现有融合与模块化展开场景；补齐完整系列,97,244,d435c8d7fe7d625a1b954bcdaefca18e11bfc76188dd5bf40fc2a58187aeef28,"m-pre,m1,m2,m3",22981,https://www.db.yugioh-card.com/yugiohdb/faq_search.action?cid=22981&ope=4&request_locale=ja,reviewed-added,①主怪兽区限制攻击对象，②额外怪兽区把对方怪兽送墓改除外，③墓地自身除外费用赋予融合怪兽直接攻击。
11270236,召唤兽 埃律西昂,召唤兽,set:f4,none,现有融合与模块化展开场景；补齐完整系列,97,244,89bc3e26dc973976c332ce5295dfcf9e301a27b8935509d5ae8eac89a5025016,"m-pre,m1,m2",12850,https://www.db.yugioh-card.com/yugiohdb/faq_search.action?cid=12850&ope=4&request_locale=ja,reviewed-added,①附加五属性；②快速除外自己的召唤兽对象及对方表侧相同属性怪兽，不取对方怪兽对象。
12307878,召唤兽 普尔加托里奥,召唤兽,set:f4,none,现有融合与模块化展开场景；补齐完整系列,97,244,be3ed0d4e9f1f490ecb3b73362f14b717061d7fa27ff1b2124dbc2139e8ca594,"m-pre,m1,m2",12847,https://www.db.yugioh-card.com/yugiohdb/faq_search.action?cid=12847&ope=4&request_locale=ja,reviewed-added,永续加攻、可逐只攻击对方怪兽和贯通战斗伤害各自记录。
13529466,召唤兽 卡利古拉,召唤兽,set:f4,none,现有融合与模块化展开场景；补齐完整系列,97,244,9a770b7a1ab004f08a7064f66166c04b051862a3f4b84d8d3ca3e5f20779ed6b,"m-pre,m1",12844,https://www.db.yugioh-card.com/yugiohdb/faq_search.action?cid=12844&ope=4&request_locale=ja,reviewed-added,双方怪兽效果发动及攻击次数限制只在本卡持续适用期间计数。
33166263,超越召唤兽 纪元,召唤兽,set:f4,none,现有融合与模块化展开场景；补齐完整系列,97,244,1956611bade2c81aee79200986ed04b4f81172b4b73a1998cf5b17765b8b5797,"m-pre,m1,m2",22982,https://www.db.yugioh-card.com/yugiohdb/faq_search.action?cid=22982&ope=4&request_locale=ja,reviewed-added,①素材数量限制的双阶段除外；②快速宣言属性改场上现有其他怪兽，①②互斥。
38423248,召唤兽 大贤者兽,召唤兽,set:f4,none,现有融合与模块化展开场景；补齐完整系列,97,22020340,ac9a07aa5c6fcce7791b3d808ad1771d1ba678944184a952b169b95b97d8d9fb,"m-pre,m1,m2",21577,https://www.db.yugioh-card.com/yugiohdb/faq_search.action?cid=21577&ope=4&request_locale=ja,reviewed-added,①双对象部分合法仍除外；②毁后特召卡组4星魔法师，成功后可把自身装备赋予加攻。
43989315,召唤兽 索拉特,召唤兽,set:f4,none,现有融合与模块化展开场景；补齐完整系列,97,244,f90707fd9a830432ab963cf656778d015863d7db940a34aa3568f89511a8c290,"m-pre,m1,m2",22979,https://www.db.yugioh-card.com/yugiohdb/faq_search.action?cid=22979&ope=4&request_locale=ja,reviewed-added,①双方主要阶段对象复活低星怪兽并无效其效果；②墓地本卡参与融合素材结算后融合召唤。
48791583,召唤兽 墨瓦腊泥加,召唤兽,set:f4,none,现有融合与模块化展开场景；补齐完整系列,65,244,36bd114feb5e4f283977260ff925d8cacf6b620499459aea248daf50e3b3ce0f,m-all,12848,https://www.db.yugioh-card.com/yugiohdb/faq_search.action?cid=12848&ope=4&request_locale=ja,reviewed-added,召唤兽墨瓦腊泥加只有融合素材规则，明确 no_effect。
49513164,召唤兽 雷电,召唤兽,set:f4,none,现有融合与模块化展开场景；补齐完整系列,97,244,7b10f079a33654a3fb328cc14041a29f34f51026c38feeeedea252d157ac61b2,"m-pre,m1",12845,https://www.db.yugioh-card.com/yugiohdb/faq_search.action?cid=12845&ope=4&request_locale=ja,reviewed-added,快速效果以可改变表示形式的表侧怪兽为对象，变里侧守备。
70383419,召唤兽 巴巴伦,召唤兽,set:f4,none,现有融合与模块化展开场景；补齐完整系列,97,244,bed97dc210cc4b49a6b25ea468de307c36ed1b823c008e53356cac525a1c6251,"m-pre,m1,m2",22980,https://www.db.yugioh-card.com/yugiohdb/faq_search.action?cid=22980&ope=4&request_locale=ja,reviewed-added,①检索成功后可追加墓地除外；②墓地自除外费用后以己方融合怪兽为基准降对方全场攻击力。
75286621,召唤兽 梅尔卡巴,召唤兽,set:f4,none,现有融合与模块化展开场景；补齐完整系列,97,244,ad4126f4a245561d63a2cf775295f1e25b37eacbabbbbfed55f7db8c966a3007,"m-pre,m1",12849,https://www.db.yugioh-card.com/yugiohdb/faq_search.action?cid=12849&ope=4&request_locale=ja,reviewed-added,本地卡号75286621独立；①手卡同种类卡送墓为费用，无效的是发动并除外。
75286622,召唤兽 梅尔卡巴,召唤兽,set:f4,none,现有融合与模块化展开场景；补齐完整系列,97,244,ad4126f4a245561d63a2cf775295f1e25b37eacbabbbbfed55f7db8c966a3007,"m-pre,m1",12849,https://www.db.yugioh-card.com/yugiohdb/faq_search.action?cid=12849&ope=4&request_locale=ja,reviewed-added,本地卡号75286622独立；①手卡同种类卡送墓为费用，无效的是发动并除外。
80635735,召唤兽 迪·阿尼玛,召唤兽,set:f4,none,现有融合与模块化展开场景；补齐完整系列,97,244,946caa0c1cbfa12447b7189cf61ff2a10de3ef0757059d78a314141b76360a6d,"m-pre,m1,m2",23360,https://www.db.yugioh-card.com/yugiohdb/faq_search.action?cid=23360&ope=4&request_locale=ja,reviewed-added,①发动时破坏分支二选一；②场上自除外费用后卡组特召阿莱斯特，成功才无效对方墓地效果。
85908279,召唤兽 科库托斯,召唤兽,set:f4,none,现有融合与模块化展开场景；补齐完整系列,97,244,9223af1b18c8b5c78cf39f89c0a6e143b5c70ca5ddac5da0470bbf9bbddd7538,"m-pre,m1,m2",12846,https://www.db.yugioh-card.com/yugiohdb/faq_search.action?cid=12846&ope=4&request_locale=ja,reviewed-added,①对方效果目标及破坏耐性；②可用表侧守备表示攻击并按攻击力结算。
97300502,召唤兽 光体,召唤兽,set:f4,none,现有融合与模块化展开场景；补齐完整系列,97,244,8801c6e831daf4f9bae3021e93d376694796d5589d34f1aef663b51822f035a2,"m-pre,m1,m2",15026,https://www.db.yugioh-card.com/yugiohdb/faq_search.action?cid=15026&ope=4&request_locale=ja,reviewed-added,①本卡或对方特召时对象破坏；②墓地融合怪兽除外费用后加攻至对方回合结束。
572850,珠泪哀歌族·塞壬人鱼,珠泪哀歌族,set:181,none,常用融合资源与墓地效果场景；补齐完整系列,33,385,95bff88a3c7e1122469c7d71d071d1d8082c1cb6e44698891ef602efcac9c851,"m-pre,m1,m2",17415,https://www.db.yugioh-card.com/yugiohdb/faq_search.action?cid=17415&ope=4&request_locale=ja,reviewed-added,①自特召与手卡送墓同时、卡组顶送墓在后；②效果送墓后用含自身素材回卡组底再融合召唤。
1329620,壹世坏清澈的残响,珠泪哀歌族,set:181,none,常用融合资源与墓地效果场景；补齐完整系列,1048580,385,c8f32595172572a8ec289038e5e0336af5af7d11c002bcce9380fedce25a2cd6,"m-pre,m1,m2",17475,https://www.db.yugioh-card.com/yugiohdb/faq_search.action?cid=17475&ope=4&request_locale=ja,reviewed-added,①无效发动、回持有者卡组后再效果送墓手卡怪兽；②被效果送墓后回收己方除外怪兽。
4928565,珠泪哀歌族型俱舍怒威族,珠泪哀歌族,set:181,none,常用融合资源与墓地效果场景；补齐完整系列,33,25756033,62349d2a1fd030da60763176b10a9acca4473b2f68f84ace3e7b6215678a4271,"m-pre,m1,m2,m3",18153,https://www.db.yugioh-card.com/yugiohdb/faq_search.action?cid=18153&ope=4&request_locale=ja,reviewed-added,①快速自特召并同时效果除外；②可选择双方有足够卡的卡组堆3；③效果送墓后堆2。
6767771,劈穿壹世坏的弦声,珠泪哀歌族,set:181,none,常用融合资源与墓地效果场景；补齐完整系列,131074,385,8ad34fd8cc05e172996097a549c8ac18fbc90da5c92baea13ab3af0064ae80e5,"m-pre,m1,m2",17813,https://www.db.yugioh-card.com/yugiohdb/faq_search.action?cid=17813&ope=4&request_locale=ja,reviewed-added,①召唤事件堆墓并持续减对方攻击力；②效果送墓后检索系列陷阱。
28226490,珠泪哀歌族·卡雷多哈特,珠泪哀歌族,set:181,none,常用融合资源与墓地效果场景；补齐完整系列,97,27263361,cdd68ec05b3a89c4a1e10575ca94e27b7bbe508255386be9bcf5865d0ab45ba5,"m-pre,m1,m2",17445,https://www.db.yugioh-card.com/yugiohdb/faq_search.action?cid=17445&ope=4&request_locale=ja,reviewed-added,不可作融合素材是非效果文本；①对象对方卡回卡组，②自复活与卡组送墓同时。
33878367,壹世坏涡旋的反响,珠泪哀歌族,set:181,none,常用融合资源与墓地效果场景；补齐完整系列,2,385,6514652dfeb608e055e59516cbb0e3cee18c549017aeeba4b4c6c2f0c8bd92eb,"m-pre,m1,m2",17811,https://www.db.yugioh-card.com/yugiohdb/faq_search.action?cid=17811&ope=4&request_locale=ja,reviewed-added,①先从卡组／墓地特召，再效果送墓同种族或同属性己方怪兽；②效果送墓后回收除外系列陷阱。
34225426,袅袅涟歌姬的壹世坏,珠泪哀歌族,set:181,none,常用融合资源与墓地效果场景；补齐完整系列,524290,385,712bd25d94d26592f3ba598f4217ca22a05493041e01390656cb90dc11935a40,"m-pre,m1,m2",18206,https://www.db.yugioh-card.com/yugiohdb/faq_search.action?cid=18206&ope=4&request_locale=ja,reviewed-added,①己方融合／系列怪兽持续加攻；②符合水族送墓触发卡组送墓，非系列选择附带同名效果发动限制。
37961969,珠泪哀歌族·小美人鱼,珠泪哀歌族,set:181,none,常用融合资源与墓地效果场景；补齐完整系列,33,385,2bd4d208f7c93e84645c88d8e2450db1c48df15dcfaae5c7ce1cbbd2efe7608a,"m-pre,m1,m2",17416,https://www.db.yugioh-card.com/yugiohdb/faq_search.action?cid=17416&ope=4&request_locale=ja,reviewed-added,①直接连锁对方场上怪兽效果，自特召与堆3同时；②效果送墓后素材回卡组底融合召唤。
38436986,壹世坏摩擦的爪音,珠泪哀歌族,set:181,none,常用融合资源与墓地效果场景；补齐完整系列,4,385,21fd26d0fca5a7d160c2e0ae7bd9d7d619a9a488b444f94eca95c58e613a0bfa,"m-pre,m1,m2",17473,https://www.db.yugioh-card.com/yugiohdb/faq_search.action?cid=17473&ope=4&request_locale=ja,reviewed-added,①对象变里侧后效果卡组送墓，②效果送墓触发墓地怪兽回手。
60362066,摇撼壹世坏的鼓动,珠泪哀歌族,set:181,none,常用融合资源与墓地效果场景；补齐完整系列,65538,385,273cc028790c03908652a8443a9df3dcca74385967a83807656f713f4071d753,"m-pre,m1,m2",17812,https://www.db.yugioh-card.com/yugiohdb/faq_search.action?cid=17812&ope=4&request_locale=ja,reviewed-added,①快攻回魔陷卡组后效果送墓手卡，②效果送墓后回收墓地系列陷阱。
73956664,珠泪哀歌族·雷诺哈特,珠泪哀歌族,set:181,none,常用融合资源与墓地效果场景；补齐完整系列,33,27263361,4de44942daa5f24c586e42e53752cf1da84a3bb4427c9daf8d58b2904cb866d8,"m-pre,m1,m2",17417,https://www.db.yugioh-card.com/yugiohdb/faq_search.action?cid=17417&ope=4&request_locale=ja,reviewed-added,①召唤时卡组送非同名怪兽；②效果送墓后自特召与处理时手卡送墓视为同时。
74078255,珠泪哀歌族·梅洛人鱼,珠泪哀歌族,set:181,none,常用融合资源与墓地效果场景；补齐完整系列,33,385,aaae6322b52e1a025b5b21dc3a49f56411a3aae15e67d29ce6efcd4c8e6f5865,"m-pre,m1,m2",17414,https://www.db.yugioh-card.com/yugiohdb/faq_search.action?cid=17414&ope=4&request_locale=ja,reviewed-added,①召唤时堆墓3；②效果送墓后融合素材回卡组底并融合召唤。
74920585,壹世坏奏响的哀唱,珠泪哀歌族,set:181,none,常用融合资源与墓地效果场景；补齐完整系列,131076,385,2e42df873fad2329786aab511adc801dcd1d0eedee264895733cd6dabf3c076b,"m-pre,m1,m2",17474,https://www.db.yugioh-card.com/yugiohdb/faq_search.action?cid=17474&ope=4&request_locale=ja,reviewed-added,①对方效果怪兽对象效果无效后送己方怪兽墓地；②被效果送墓后检索。
84330567,珠泪哀歌族·鲁莎卡人鱼,珠泪哀歌族,set:181,none,常用融合资源与墓地效果场景；补齐完整系列,97,385,a99842cc27e0d20eaaa6a607371402e44cd31e7d34f3f5ad706ef3a462aeb21a,"m-pre,m1,m2,m3",17794,https://www.db.yugioh-card.com/yugiohdb/faq_search.action?cid=17794&ope=4&request_locale=ja,reviewed-added,①保护其他水族战斗；②对方特召效果发动无效并破坏成功后再己方系列卡效果送墓；③融合召唤后效果送墓自复活。
92731385,珠泪哀歌族·水仙女人鱼,珠泪哀歌族,set:181,none,常用融合资源与墓地效果场景；补齐完整系列,97,385,1c0bbb405dd85b0717068e3aa49ad90b8abcc07aa12991dbf1b9f536291d555c,"m-pre,m1,m2,m3",17444,https://www.db.yugioh-card.com/yugiohdb/faq_search.action?cid=17444&ope=4&request_locale=ja,reviewed-added,①检索与送墓互斥；②特召与对象送墓同时；③效果送墓后从卡组顶堆5。
20618850,黄金之雫的神碑,神碑,set:17f,none,常用速攻魔法与额外卡组场景；补齐完整系列,65538,383,83fabf81e5bd96214178c237a67ad0709390b1ea487f51bbce0f3c0a198ffa67,"m-pre,m1",17379,https://www.db.yugioh-card.com/yugiohdb/faq_search.action?cid=17379&ope=4&request_locale=ja,reviewed-added,第一个●须对方卡组发动时至少5张；先由对方抽1，再除外其卡组顶最多4张。
28373620,神碑之牙 格利,神碑,set:17f,none,常用速攻魔法与额外卡组场景；补齐完整系列,97,383,17b9f9a839e054e0478ad09e5a52d9e55fa9bd1ef72466b3c563104ea98a6148,"m-pre,m1,m2,m3",17385,https://www.db.yugioh-card.com/yugiohdb/faq_search.action?cid=17385&ope=4&request_locale=ja,reviewed-added,①从额外特召后回收非速攻系列魔法；②效果破坏耐性；③战斗毁后取场上卡破坏。
29595202,神碑的欺诳,神碑,set:17f,none,常用速攻魔法与额外卡组场景；补齐完整系列,131074,383,c87ecdadb0c7721f398b924d275ce284b37031e8644a153d3ee3ba17cdc4ce73,"m1,m2",17382,https://www.db.yugioh-card.com/yugiohdb/faq_search.action?cid=17382&ope=4&request_locale=ja,reviewed-added,①同名表侧存在限制；②双方速攻魔法卡发动后强制在连锁结束另行除外对方卡组顶。
30430448,冰冻诅咒的神碑,神碑,set:17f,none,常用速攻魔法与额外卡组场景；补齐完整系列,65538,383,18c8135156bf86268b494a25b7562cf0c00d7edfa4c029b2a0e051914bf8d34e,"m-pre,m1",17376,https://www.db.yugioh-card.com/yugiohdb/faq_search.action?cid=17376&ope=4&request_locale=ja,reviewed-added,第一个●只可在对方卡组发动时至少3张时选择；取对方表侧效果怪兽为对象，成功无效后才除外卡组顶。
31562086,神碑的锋芒,神碑,set:17f,none,常用速攻魔法与额外卡组场景；补齐完整系列,65538,383,190b9c6427fe000a9235573da17c79dc11f4ad7ef4fe50f7b699d36f7b103ee5,"m-pre,m1",17373,https://www.db.yugioh-card.com/yugiohdb/faq_search.action?cid=17373&ope=4&request_locale=ja,reviewed-added,第一个●先检索1张非同名神碑卡，后除外对方卡组顶1张；两个处理不同时。
47219274,神碑之牙 弗利基,神碑,set:17f,none,常用速攻魔法与额外卡组场景；补齐完整系列,97,383,abf2238787aa1869aa5e9e2c2fca0bb2704842b79cef4d666552b7fc301421be,"m-pre,m1,m2,m3",17796,https://www.db.yugioh-card.com/yugiohdb/faq_search.action?cid=17796&ope=4&request_locale=ja,reviewed-added,①额外怪兽区战斗宣言除外对方卡组顶2，②双方战斗伤害归零，③毁后回收墓地速攻魔法。
55990317,神碑之翼 胡基,神碑,set:17f,none,常用速攻魔法与额外卡组场景；补齐完整系列,97,383,2f313ec6b68b29d9be0c75ecc1e0183f3982b524fcae3ca0357c5c36c323fe5c,"m-pre,m1,m2,m3",17383,https://www.db.yugioh-card.com/yugiohdb/faq_search.action?cid=17383&ope=4&request_locale=ja,reviewed-added,①丢弃费用检索场地；②自身效果除外替代其他己方卡效果破坏；③强制毁后回额外。
66712905,解咒的神碑,神碑,set:17f,none,常用速攻魔法与额外卡组场景；补齐完整系列,65538,383,3444a3eef01cb19bcf17fb90989bf83ecc442fc8662eb93a112bacbbfc3ea310,"m-pre,m1",17380,https://www.db.yugioh-card.com/yugiohdb/faq_search.action?cid=17380&ope=4&request_locale=ja,reviewed-added,第一个●须对方在抽卡阶段外从卡组入手且其卡组发动时至少2张；随机丢弃对方手卡是处理而非费用。
67835547,微睡的神碑,神碑,set:17f,none,常用速攻魔法与额外卡组场景；补齐完整系列,65538,383,0a12c32b67184d07e21052ec7049004535220fb916cb4f41a093fe892ff41cf7,"m-pre,m1",17377,https://www.db.yugioh-card.com/yugiohdb/faq_search.action?cid=17377&ope=4&request_locale=ja,reviewed-added,第一个●须对方卡组发动时至少3张；对象场上表侧怪兽获一次破坏替代且禁攻，之后才除外卡组顶。
68957034,辉耀之炎的神碑,神碑,set:17f,none,常用速攻魔法与额外卡组场景；补齐完整系列,65538,383,e8faf094c80a687ede3c3fbc118fff098c370d45007f32c7a3fdc143d5006203,"m-pre,m1",17374,https://www.db.yugioh-card.com/yugiohdb/faq_search.action?cid=17374&ope=4&request_locale=ja,reviewed-added,第一个●须对方卡组发动时至少2张；发动时取对方场上特殊召唤怪兽为对象，破坏后再除外卡组顶。
74659582,神碑之鬣 史莱普尼尔,神碑,set:17f,none,常用速攻魔法与额外卡组场景；补齐完整系列,97,383,82ef465876b23bc26c8f21b18086cf51468bb4953c2a5ff5c8775ace9ba1ac42,"m-pre,m1,m2",18822,https://www.db.yugioh-card.com/yugiohdb/faq_search.action?cid=18822&ope=4&request_locale=ja,reviewed-added,①指定时点把本卡与对方对象暂时除外至结束阶段；②对方卡组入手时己方产衍生物。
92107604,神碑之泉,神碑,set:17f,none,常用速攻魔法与额外卡组场景；补齐完整系列,524290,383,2ca8854e29fa8c59af23b6bec8854301eb43e6e4b3afc80cee73c9d7e67dcf59,"m1,m2",17381,https://www.db.yugioh-card.com/yugiohdb/faq_search.action?cid=17381&ope=4&request_locale=ja,reviewed-added,①允许对方回合手发神碑速攻魔法；②其连锁结束后把墓地1至3张系列速攻回卡组底再抽等数。
92385016,神碑之翼 穆宁,神碑,set:17f,none,常用速攻魔法与额外卡组场景；补齐完整系列,97,383,3b8f50126c286c2ecf138de29e3783f366aca1c7f7c9451913335700cbbfec6a,"m-pre,m1,m2,m3",17384,https://www.db.yugioh-card.com/yugiohdb/faq_search.action?cid=17384&ope=4&request_locale=ja,reviewed-added,①丢弃费用检索永续魔法；②自除外费用无效发动并破坏；③双方结束阶段强制回复。
93229151,愤怒风暴的神碑,神碑,set:17f,none,常用速攻魔法与额外卡组场景；补齐完整系列,65538,383,a8a18920e23aa93d53c5d5567d836b8adbcd39f85795e27a539f5efa531e74be,"m-pre,m1",17378,https://www.db.yugioh-card.com/yugiohdb/faq_search.action?cid=17378&ope=4&request_locale=ja,reviewed-added,第一个●对方卡组发动时不得为空；结算时对方场上已空则不处理，数量上限取结算时对方场上卡数。
94445733,破坏的神碑,神碑,set:17f,none,常用速攻魔法与额外卡组场景；补齐完整系列,65538,383,b0152a3b6106e0d82d1b60d566de799ff025b2c34117067c0a9385db4f41be77,"m-pre,m1",17375,https://www.db.yugioh-card.com/yugiohdb/faq_search.action?cid=17375&ope=4&request_locale=ja,reviewed-added,第一个●须对方卡组发动时至少4张；发动时取对方魔陷对象，破坏后再除外卡组顶。
3496543,白森林的罪宝,白森林,set:1b1,none,当前卡库有完整系列与同调场景；补齐完整系列,65538,27132337,712abb320036cec5c14282a100f96b452647f91d82759b5ff6936bdfe7e892c4,"m-pre,m1,m2",20792,https://www.db.yugioh-card.com/yugiohdb/faq_search.action?cid=20792&ope=4&request_locale=ja,reviewed-added,①发动时从手卡特召与融合召唤择一；②怪兽费用送墓后自盖放。
4398189,白森林的魔女,白森林,set:1b1,none,当前卡库有完整系列与同调场景；补齐完整系列,524290,433,0f4196d19622f9b9a2f6d22ecaa62b816157c1089677ae06e6fdadc0ee1d357d,"m-pre,m1,m2,m3",21195,https://www.db.yugioh-card.com/yugiohdb/faq_search.action?cid=21195&ope=4&request_locale=ja,reviewed-added,①场地发动结算可检索并施加当回合额外暗属性自锁；②逐只战斗保护；③对象调整化。
5800323,白森林的幻妖,白森林,set:1b1,none,当前卡库有完整系列与同调场景；补齐完整系列,12321,433,f5e3a92fa0fc2bb01c090e544226a6ce5fbedd6b1d06c048e528b71cdeb6f5f5,"m-pre,m1,m2",21178,https://www.db.yugioh-card.com/yugiohdb/faq_search.action?cid=21178&ope=4&request_locale=ja,reviewed-added,①特召后墓地2系列怪兽作为永续魔法放置；②对方主要阶段即时同调。
14307929,白森林的妖魔 迪亚贝尔,白森林,set:1b1,none,当前卡库有完整系列与同调场景；补齐完整系列,8225,26935729,1703e951605273bd6cd98ab1228fe1e74a234f7dd351ba81068d0cd74a5a9d22,"m-pre,m1,m2",20219,https://www.db.yugioh-card.com/yugiohdb/faq_search.action?cid=20219&ope=4&request_locale=ja,reviewed-added,①指定同调素材召唤后回收魔陷；②对方效果发动时送魔陷费用，特召低星同调调整。
24779554,白森林的濡血雅,白森林,set:1b1,none,当前卡库有完整系列与同调场景；补齐完整系列,4129,433,322ae0c93e96172aa17a29010160b17326479195710154c2281acc91fb55ed4c,"m-pre,m1,m2,m3",20195,https://www.db.yugioh-card.com/yugiohdb/faq_search.action?cid=20195&ope=4&request_locale=ja,reviewed-added,①手卡自特召；②送魔陷费用抽1；③己方系列同调回额外与墓地自复活同时。
25592142,白森林的阿斯忒瑞亚,白森林,set:1b1,none,当前卡库有完整系列与同调场景；补齐完整系列,33,433,f4702cdae688cf4b013d5057020095f8c62f0859d6c03af80cc348b50af317de,"m-pre,m1,m2",20192,https://www.db.yugioh-card.com/yugiohdb/faq_search.action?cid=20192&ope=4&request_locale=ja,reviewed-added,①送魔陷费用从卡组特召光魔法师调整；②魔陷作为怪兽费用入墓后本卡墓地自复活。
25592143,白森林的阿斯忒瑞亚,白森林,set:1b1,none,当前卡库有完整系列与同调场景；补齐完整系列,33,433,f4702cdae688cf4b013d5057020095f8c62f0859d6c03af80cc348b50af317de,"m-pre,m1,m2",20192,https://www.db.yugioh-card.com/yugiohdb/faq_search.action?cid=20192&ope=4&request_locale=ja,reviewed-added,同卡文异画；①费用送魔陷卡组特召调整；②魔陷费用送墓后自复活。
35778533,白森林禁止入内,白森林,set:1b1,none,当前卡库有完整系列与同调场景；补齐完整系列,2,433,adc3a662e383c9b2d45a360aa8ee81be2e0d1bf37658ac773e228b0de2833416,"m-pre,m1,m2",20238,https://www.db.yugioh-card.com/yugiohdb/faq_search.action?cid=20238&ope=4&request_locale=ja,reviewed-added,①等级与种族条件下对象破坏；②作为怪兽效果费用送墓后自盖放。
38648860,白森林的圣徒 莉泽特,白森林,set:1b1,none,当前卡库有完整系列与同调场景；补齐完整系列,33,29098417,ad13831c72a7350257b519923930d2f4de331bb75a48cf61eddb7ad5ecdb588a,"m-pre,m1,m2,m3",20747,https://www.db.yugioh-card.com/yugiohdb/faq_search.action?cid=20747&ope=4&request_locale=ja,reviewed-added,①手卡展示后特召；②以己方手场素材融合蓟花；③成功同调的素材入墓后检索罪宝。
39491690,蓟花之赦免,白森林,set:1b1,none,当前卡库有完整系列与同调场景；补齐完整系列,4,28377532,0df077df732fd6501a43fbf37f69af43341c1c76beb3378f62fa19aa0d109abf,"m-pre,m1,m2",20807,https://www.db.yugioh-card.com/yugiohdb/faq_search.action?cid=20807&ope=4&request_locale=ja,reviewed-added,规则上属于白森林；①按己方符合条件融合／同调数取对象回手；②费用送墓后自盖放。
41924516,白森林的魔狼 森厄狼,白森林,set:1b1,none,当前卡库有完整系列与同调场景；补齐完整系列,12321,433,8d9343f611ffc8f4bcee2f541ff4bfc62ff54968b023733046a0a4a38a0abc9a,"m-pre,m1,m2",20217,https://www.db.yugioh-card.com/yugiohdb/faq_search.action?cid=20217&ope=4&request_locale=ja,reviewed-added,①特召后全体对方表侧怪兽翻里；②己方指定种族同调攻击力加500并双倍贯穿。
60145298,白魔女 迪亚贝尔泽,白森林,set:1b1,none,当前卡库有完整系列与同调场景；补齐完整系列,33,26935729,0ab3109de4e6cda61544a292ebc6fa43b9a609aa22cbd29ffb35f0c11cb92036,"m-pre,m1,m2,m3",21149,https://www.db.yugioh-card.com/yugiohdb/faq_search.action?cid=21149&ope=4&request_locale=ja,reviewed-added,规则上白森林；①费用送魔陷自特召，②召唤后卡组送墓，③两只迪亚贝尔在场保护己方怪兽。
61980241,白森林的莉泽特,白森林,set:1b1,none,当前卡库有完整系列与同调场景；补齐完整系列,33,433,92175d2feb2f11637e7f59308093bdd2d499fb910789e929476df3e49672d0fa,"m-pre,m1,m2",20193,https://www.db.yugioh-card.com/yugiohdb/faq_search.action?cid=20193&ope=4&request_locale=ja,reviewed-added,①费用送魔陷自特召后检索非同名怪兽；②对方回合光魔法师调整特召后自回手。
62995268,白森林的灾祸,白森林,set:1b1,none,当前卡库有完整系列与同调场景；补齐完整系列,4,433,8a4370299768b916662feb065540ff41f561ecc77014d9df9925636501387422,"m-pre,m1,m2",20250,https://www.db.yugioh-card.com/yugiohdb/faq_search.action?cid=20250&ope=4&request_locale=ja,reviewed-added,①手卡／卡组特召系列怪兽后可立即同调；②作为怪兽费用送墓后盖放。
77313225,白森林的魔性 濡血蝠,白森林,set:1b1,none,当前卡库有完整系列与同调场景；补齐完整系列,12321,433,eb1b9266c203affed75dfcb4141d9f8075046fe2646d92566cdc6329414f85ae,"m-pre,m1,m2",20218,https://www.db.yugioh-card.com/yugiohdb/faq_search.action?cid=20218&ope=4&request_locale=ja,reviewed-added,①特召后送魔陷费用检索；②指定种族同调加攻500并防对方效果破坏。
93723936,白森林的恶魔,白森林,set:1b1,none,当前卡库有完整系列与同调场景；补齐完整系列,65538,433,7195625f052e567f188490015fcd067a0bd1004ddb2f4ac4828bee0fb1055b0a,"m-pre,m1,m2",20532,https://www.db.yugioh-card.com/yugiohdb/faq_search.action?cid=20532&ope=4&request_locale=ja,reviewed-added,①解放同调费用，无效表侧卡后若解放系列同调可额外特召；②费用送墓自盖放。
98385955,白森林的森厄维,白森林,set:1b1,none,当前卡库有完整系列与同调场景；补齐完整系列,4129,433,ed6a6239756819c6874851dd93a59ae02ede48e9fba383e7de149cb1d6c900a3,"m-pre,m1,m2",20194,https://www.db.yugioh-card.com/yugiohdb/faq_search.action?cid=20194&ope=4&request_locale=ja,reviewed-added,①召唤后检索系列魔陷；②系列同调回额外与墓地自复活同时。
99289828,白森林的传说,白森林,set:1b1,none,当前卡库有完整系列与同调场景；补齐完整系列,2,433,78dac740e04800f4fcf46e05971cbd247d88344548b718cf995d4ef9c6a282ce,"m-pre,m1,m2",20237,https://www.db.yugioh-card.com/yugiohdb/faq_search.action?cid=20237&ope=4&request_locale=ja,reviewed-added,①指定种族己方怪兽在场时检索白森林怪兽；②怪兽费用送墓后自盖放。
4709881,星杯剑士 奥拉姆,星杯,set:fd,none,自奏圣乐相关世界遗物与连接展开场景；补齐完整系列,67108897,253,c2d98dcdbd355a8791983acf97845a2df1c8cf787aefa21aa4d3625768a7d22b,"m-pre,m1,m2,m3",13088,https://www.db.yugioh-card.com/yugiohdb/faq_search.action?cid=13088&ope=4&request_locale=ja,reviewed-added,①墓地星遗物种类加攻；②解放连接区系列怪兽费用，复活其他墓地怪兽到连接区；③场上入墓后手特召。
21893603,星杯的妖精 莉丝,星杯,set:fd,none,自奏圣乐相关世界遗物与连接展开场景；补齐完整系列,33,253,e60cf5280da55ddb37df85b61caae1bd6268ee1050e76eb4e95c06be888b412e,"m-pre,m1,m2",13061,https://www.db.yugioh-card.com/yugiohdb/faq_search.action?cid=13061&ope=4&request_locale=ja,reviewed-added,①召唤后系列检索；②送己方怪兽费用从墓地自回手。
22916281,被星杯所选中者,星杯,set:fd,none,自奏圣乐相关世界遗物与连接展开场景；补齐完整系列,17,253,31ee38d1be16c84554481edd2d760632149d588194aade229f5d055df11f7e84,m-all,13058,https://www.db.yugioh-card.com/yugiohdb/faq_search.action?cid=13058&ope=4&request_locale=ja,reviewed-added,通常怪兽故事文案，无编号效果或发动手续；按官方卡页与本地完整卡文记为无效果。
30194529,星杯战士 宁吉尔苏,星杯,set:fd,none,自奏圣乐相关世界遗物与连接展开场景；补齐完整系列,67108897,253,7bffb351c9b41f783d574c1d90c3a2cd1c21b4e3bb22289681a41ccfae8914fd,"m-pre,m1,m2,m3",13089,https://www.db.yugioh-card.com/yugiohdb/faq_search.action?cid=13089&ope=4&request_locale=ja,reviewed-added,①连接召唤强制按连接区表侧星杯数抽卡；②双方场上各选1卡处理时送墓；③场上入墓后手特召。
31226177,星杯龙 伊姆杜克,星杯,set:fd,none,自奏圣乐相关世界遗物与连接展开场景；补齐完整系列,67108897,253,b1ce800ad7cd4c16f8b586d0c5c0e4a70d2e13b0793da3008cc8cab5631b5c51,"m-pre,m1,m2,m3",13086,https://www.db.yugioh-card.com/yugiohdb/faq_search.action?cid=13086&ope=4&request_locale=ja,reviewed-added,①额外召唤星杯怪兽且不覆盖；②伤害步骤开始时破坏连接区对方战斗怪兽；③场上入墓后手特召。
57288708,星遗物-『星杯』,星杯,set:fd,none,自奏圣乐相关世界遗物与连接展开场景；补齐完整系列,33,16580862,4d447a8bbc73cc007dae2c6f9e162e794b29319318f3331c5b2c23e905df43c2,"m-pre,m1,m2,m3",13062,https://www.db.yugioh-card.com/yugiohdb/faq_search.action?cid=13062&ope=4&request_locale=ja,reviewed-added,①额外特召触发自解放费用送那些怪兽墓地；②通常召唤本卡离场后卡组特召2；③以后回合墓地自除外费用检索。
58400390,被星杯所劝诱者,星杯,set:fd,none,自奏圣乐相关世界遗物与连接展开场景；补齐完整系列,17,253,6860c3295b4cbd5b507c5392860c182019b1eb85639b876bcb7229eb95c44795,m-all,13059,https://www.db.yugioh-card.com/yugiohdb/faq_search.action?cid=13059&ope=4&request_locale=ja,reviewed-added,通常怪兽故事文案，无编号效果或发动手续；官方卡页存在，FAQ 无补足条目。
77610772,星杯神乐 夏娃,星杯,set:fd,none,自奏圣乐相关世界遗物与连接展开场景；补齐完整系列,67108897,253,3aed3c4b5dc7121ace9ce99f81faa04ee492336df49f117f907dad6ec23bedee,"m-pre,m1,m2,m3",13087,https://www.db.yugioh-card.com/yugiohdb/faq_search.action?cid=13087&ope=4&request_locale=ja,reviewed-added,①连接状态战斗／效果破坏及取对象保护；②自身送墓代替连接区怪兽效果破坏；③场上入墓后手特召。
84899094,星杯的守护龙,星杯,set:fd,none,自奏圣乐相关世界遗物与连接展开场景；补齐完整系列,33,253,202e0b8ba4339531416ed96d5960187ad8d4f51805f44fa1fa2156abcd5235aa,"m-pre,m1,m2",13060,https://www.db.yugioh-card.com/yugiohdb/faq_search.action?cid=13060&ope=4&request_locale=ja,reviewed-added,①自身送墓费用直接连锁己方连接怪兽受对象效果并无效发动破坏；②墓地自除外费用复活通常怪兽到连接区。
94677445,星杯的神子 夏娃,星杯,set:fd,none,自奏圣乐相关世界遗物与连接展开场景；补齐完整系列,12321,253,54d9f128257f17ac1e3f8bff4e941e12ebb0fcbb6d6682b63d362f7c801a9fcd,"m-pre,m1,m2",14285,https://www.db.yugioh-card.com/yugiohdb/faq_search.action?cid=14285&ope=4&request_locale=ja,reviewed-added,同调手续允许系列通常怪兽作调整；①同调后检索星遗物；②同调召唤本卡从怪兽区入墓特召非同名系列怪兽。
94677446,星杯的神子 夏娃,星杯,set:fd,none,自奏圣乐相关世界遗物与连接展开场景；补齐完整系列,12321,253,54d9f128257f17ac1e3f8bff4e941e12ebb0fcbb6d6682b63d362f7c801a9fcd,"m-pre,m1,m2",14285,https://www.db.yugioh-card.com/yugiohdb/faq_search.action?cid=14285&ope=4&request_locale=ja,reviewed-added,同调手续允许系列通常怪兽作调整；①同调后检索星遗物；②同调召唤本卡从怪兽区入墓特召非同名系列怪兽。
95511642,领取星杯的巫女,星杯,set:fd,none,自奏圣乐相关世界遗物与连接展开场景；补齐完整系列,17,253,fa381bd1903ecae0fc3374eff399022f51db5ad45787b1c68f89388e7044941b,m-all,13057,https://www.db.yugioh-card.com/yugiohdb/faq_search.action?cid=13057&ope=4&request_locale=ja,reviewed-added,通常怪兽故事文案，无编号效果或发动手续；按官方卡页与本地完整卡文记为无效果。
95793022,星杯的守护龙 阿尔玛杜克,星杯,set:fd,none,自奏圣乐相关世界遗物与连接展开场景；补齐完整系列,97,253,3dae76a91fb542de4ef74331c7cc544aa74e80ae47657e166271655b64b548ea,"m-pre,m1,m2",14282,https://www.db.yugioh-card.com/yugiohdb/faq_search.action?cid=14282&ope=4&request_locale=ja,reviewed-added,非效果两种正规特召手续；①可对每只对方怪兽各攻击一次；②攻击连接怪兽时除外等箭头连接怪兽费用，同时破坏并烧血。
