code,local_name,series,set_id,prior_coverage,selection_reason,local_type,local_text_digest,segment_keys,official_cid,source_url,outcome,review_note
15665977,杀手级调整曲·红印鉴唱片师,杀手旋律／杀手级调整曲,set:1d5,none,补卡文档优先；完整系列,12321,2948c69768bf9940e99638017a5269550ee1bec2efbdb1c54264a5d2ae499f2c,"m-pre,m1,m2,m3",21959,https://www.db.yugioh-card.com/yugiohdb/faq_search.action?cid=21959&ope=4&request_locale=ja,reviewed-added,①②是永续数值变化；③除外墓地调整是费用，对方表侧卡是对象。
39576656,杀手级调整曲·噼啪削波手,杀手旋律／杀手级调整曲,set:1d5,none,补卡文档优先；完整系列,12321,ac0f82f5a40ff36fb56321c7f52430528973360bc3733a99c871fceec8ebd1a0,"m-pre,m1,m2",22550,https://www.db.yugioh-card.com/yugiohdb/faq_search.action?cid=22550&ope=4&request_locale=ja,reviewed-added,额外卡组确认与暂时除外分开；①的攻击力上升和②的追加除外都以先行处理成功为条件。
40847034,杀手级调整曲播放列表,杀手旋律／杀手级调整曲,set:1d5,none,补卡文档优先；完整系列,4,19554270e3af8a79dd61fa13cd74a1ebcf1f0de37bf14d3bfbd75acc2038f210,"m-pre,m1",21963,https://www.db.yugioh-card.com/yugiohdb/faq_search.action?cid=21963&ope=4&request_locale=ja,reviewed-added,本卡是通常陷阱发动；复制效果的具体能力取决于对象，不静态推断；自锁从处理后开始。
41069676,杀手级调整曲响度战争,杀手旋律／杀手级调整曲,set:1d5,none,补卡文档优先；完整系列,12321,f2e5b82b4337cc61d03647469782a99c7c47c4602d4fc21dfe807156294cdd0e,"m-pre,m1,m2",21960,https://www.db.yugioh-card.com/yugiohdb/faq_search.action?cid=21960&ope=4&request_locale=ja,reviewed-added,①保护自己其他调整；②直接连锁对方效果，除外墓地怪兽为费用。
43904702,杀手级调整曲·削波手,杀手旋律／杀手级调整曲,set:1d5,none,补卡文档优先；完整系列,4129,29ed1e4565946838cf748f4ba2e9ff878ebb858074dd0b92b500da44948006e1,"m-pre,m1,m2",21954,https://www.db.yugioh-card.com/yugiohdb/faq_search.action?cid=21954&ope=4&request_locale=ja,reviewed-added,素材手续不是效果；①是对方主要阶段手卡快速效果，②是墓地诱发随机除外。
65961304,杀手级调整曲 B2B,杀手旋律／杀手级调整曲,set:1d5,none,补卡文档优先；完整系列,12321,888a19b06b65a396638a13787db438d90da8c250eaca56372302ff68f61f5c8a,"m-pre,m1,m2,m3",22551,https://www.db.yugioh-card.com/yugiohdb/faq_search.action?cid=22551&ope=4&request_locale=ja,reviewed-added,①②是永续效果；③为响应对方怪兽效果的快速效果，同一连锁可重复发动但总计至多2次。
78058681,杀手级调整曲同调,杀手旋律／杀手级调整曲,set:1d5,none,补卡文档优先；完整系列,65538,580261e3690476ec4d9379a2ff50e3c5e32370f83313b8b1fb7e00512479b16f,"m-pre,m1",21961,https://www.db.yugioh-card.com/yugiohdb/faq_search.action?cid=21961&ope=4&request_locale=ja,reviewed-added,检索成功后才可追加同调召唤；调整自锁从未被无效的处理后开始。
88170262,杀手级调整曲·再混音手,杀手旋律／杀手级调整曲,set:1d5,none,补卡文档优先；完整系列,12321,da04f94fc74ec37682df56ded7015d803a42ee594d90c603bf9bc0635fc208fb,"m-pre,m1,m2",21958,https://www.db.yugioh-card.com/yugiohdb/faq_search.action?cid=21958&ope=4&request_locale=ja,reviewed-added,②是对方回合快速效果；解放是费用，墓地两只调整处理时选择，回手与特召同时。
14442329,点唱机酒吧“杀手级调整曲”,杀手旋律／杀手级调整曲,set:1d5,reviewed,补卡文档优先；完整系列,524290,55abc8981ce5f4ca0d0cfab7b91874c4f11056daa4c6c78f642400723f6faf16,"m-pre,m1,m2,m3",21962,https://www.db.yugioh-card.com/yugiohdb/faq_search.action?cid=21962&ope=4&request_locale=ja,skip-existing-reviewed,旧条目卡文指纹、分段、类别及官方OCG卡页/FAQ仍一致；保留原条目
16387555,杀手级调整曲·提示员,杀手旋律／杀手级调整曲,set:1d5,reviewed,补卡文档优先；完整系列,4129,41eaaec6be4e0a69836b97b1f50e13b3555325c13ad7da26e712cbe50f80238c,"m-pre,m1,m2",21956,https://www.db.yugioh-card.com/yugiohdb/faq_search.action?cid=21956&ope=4&request_locale=ja,skip-existing-reviewed,旧条目卡文指纹、分段、类别及官方OCG卡页/FAQ仍一致；保留原条目
16509007,杀手级调整曲·混音手,杀手旋律／杀手级调整曲,set:1d5,reviewed,补卡文档优先；完整系列,4129,55cb7815cef74f0344f48b4d584240909aa2690deef3e38b4903cba0f2147544,"m-pre,m1,m2",21953,https://www.db.yugioh-card.com/yugiohdb/faq_search.action?cid=21953&ope=4&request_locale=ja,skip-existing-reviewed,旧条目卡文指纹、分段、类别及官方OCG卡页/FAQ仍一致；保留原条目
17209452,杀手级调整曲·旋钮手,杀手旋律／杀手级调整曲,set:1d5,reviewed,补卡文档优先；完整系列,4129,a9960e40b0b0ec57a08ac98915ff4876e0ef0a4e4fe4056389fa81c64faea16d,"m-pre,m1,m2",22531,https://www.db.yugioh-card.com/yugiohdb/faq_search.action?cid=22531&ope=4&request_locale=ja,skip-existing-reviewed,旧条目卡文指纹、分段、类别及官方OCG卡页/FAQ仍一致；保留原条目
42781164,杀手级调整曲·音轨制作人,杀手旋律／杀手级调整曲,set:1d5,reviewed,补卡文档优先；完整系列,12321,3d65f3edd0339188217396b809bf17027f3a684c6846691efe67e9d1a5630b5e,"m-pre,m1,m2",21957,https://www.db.yugioh-card.com/yugiohdb/faq_search.action?cid=21957&ope=4&request_locale=ja,skip-existing-reviewed,旧条目卡文指纹、分段、类别及官方OCG卡页/FAQ仍一致；保留原条目
89392810,杀手级调整曲·唱片师,杀手旋律／杀手级调整曲,set:1d5,reviewed,补卡文档优先；完整系列,4129,2763ce892fcba9ed45d41e2d943c9f2eb0de9e976411352678c894781bcd2e2f,"m-pre,m1,m2",21955,https://www.db.yugioh-card.com/yugiohdb/faq_search.action?cid=21955&ope=4&request_locale=ja,skip-existing-reviewed,旧条目卡文指纹、分段、类别及官方OCG卡页/FAQ仍一致；保留原条目
65681983,抹杀之指名者,实战辅助支援,support,none,补卡文档优先；实战辅助已使用,65538,fd4160d012a3ed3517c203d4df10c8507c46c8d909d1cdaf5d49a8a8ba54458b,"m-pre,m1",14627,https://www.db.yugioh-card.com/yugiohdb/faq_search.action?cid=14627&ope=4&request_locale=ja,reviewed-added,宣言卡名、卡组除外、双方同原名效果无效依序区分；并非发动无效。
61049315,自然蔷薇鞭,实战辅助支援,support,none,补卡文档优先；实战辅助已使用,4129,60e5486b7d02e9997d0ed19899603be5e00112a7516c136e46679a76f60cab10,m-all,8102,https://www.db.yugioh-card.com/yugiohdb/faq_search.action?cid=8102&ope=4&request_locale=ja,reviewed-added,无编号整段是永续行动限制，不能按普通可发动效果处理。
99243014,同调超车,实战辅助支援,support,none,补卡文档优先；实战辅助已使用,2,412d5cf52288cd2df0fa41c7e3002b578fea01b80f8796d6477cb0886cc603f1,"m-pre,m1",16256,https://www.db.yugioh-card.com/yugiohdb/faq_search.action?cid=16256&ope=4&request_locale=ja,reviewed-added,整回合额外卡组同调自锁是非效果限制；展示与回手／特召属于处理，非费用。
44362883,烙印融合,实战辅助支援,support,none,补卡文档优先；实战辅助已使用,2,29faf5e329290a727b4a39b1f7380b39dba294dd141fd9427d91d8fa2853686f,"m-pre,m1",17066,https://www.db.yugioh-card.com/yugiohdb/faq_search.action?cid=17066&ope=4&request_locale=ja,reviewed-added,素材处理与融合召唤是顺序动作；整回合融合自锁有发动前适法性要求。
5141117,深渊之相剑龙,相剑,set:16b,none,现有构筑／模组使用；补齐完整系列,33554465,5afac60b4344677fc9d629da48bb5cfee6f1d1d7024a1646fc5882571b7bb89b,"m-pre,m1,m2",18150,https://www.db.yugioh-card.com/yugiohdb/faq_search.action?cid=18150&ope=4&request_locale=ja,reviewed-added,①的表侧除外触发排除衍生物与魔陷化怪兽；②必须同时取两个不同类别对象。
14821890,相剑暗转,相剑,set:16b,none,现有构筑／模组使用；补齐完整系列,4,fa9d8b33f0fefa862417cb93a1509691a9f9710005328379b699abb9b6242bf4,"m-pre,m1,m2",16559,https://www.db.yugioh-card.com/yugiohdb/faq_search.action?cid=16559&ope=4&request_locale=ja,reviewed-added,①有3个发动时对象；②为除外区陷阱效果，衍生物存续期间才施加额外卡组限制。
20001443,相剑师-莫邪,相剑,set:16b,reviewed,现有构筑／模组使用；补齐完整系列,33,55a283ef674ce04076e0ddcae2c7e9ca6f97d290f27730d51b4f98b4364b4f72,"m-pre,m1,m2",16489,https://www.db.yugioh-card.com/yugiohdb/faq_search.action?cid=16489&ope=4&request_locale=ja,skip-existing-reviewed,旧条目卡文指纹、分段、类别及官方OCG卡页/FAQ仍一致；保留原条目
29884951,相剑瑞兽-纯钧,相剑,set:16b,none,现有构筑／模组使用；补齐完整系列,33,a42cfa6501329c64fc0925ac6466754b382873b6d573d0ec5d3d3cdf84675429,"m-pre,m1,m2,m3",16492,https://www.db.yugioh-card.com/yugiohdb/faq_search.action?cid=16492&ope=4&request_locale=ja,reviewed-added,①解放为费用；②在伤害计算前破坏双方两只怪兽；③需要同调召唤成功。
47710198,相剑大邪-七星龙渊,相剑,set:16b,none,现有构筑／模组使用；补齐完整系列,8225,1653bed3e450f1619aef3fe1c186e997e67feb667ad92145a1802592af444801,"m-pre,m1,m2,m3",16846,https://www.db.yugioh-card.com/yugiohdb/faq_search.action?cid=16846&ope=4&request_locale=ja,reviewed-added,②是诱发效果且处理时选怪兽；③才是响应魔陷效果的快速效果，均要求成功除外才造成伤害。
56465981,龙相剑现,相剑,set:16b,none,现有构筑／模组使用；补齐完整系列,2,fc3ca6bebcb416ddc191c56eaf68058da6ea4469143e95a2fe32e7b62a573b2d,"m-pre,m1,m2",16539,https://www.db.yugioh-card.com/yugiohdb/faq_search.action?cid=16539&ope=4&request_locale=ja,reviewed-added,①的幻龙族替代项在处理时检查表侧同调怪兽；②只在表侧除外后触发。
56495147,相剑师-泰阿,相剑,set:16b,none,现有构筑／模组使用；补齐完整系列,33,05d9b6f6ef1ca0cd104f0d94d75053b3e86331d0f7707fdc5a5fcecb5d2f1108,"m-pre,m1,m2",16490,https://www.db.yugioh-card.com/yugiohdb/faq_search.action?cid=16490&ope=4&request_locale=ja,reviewed-added,①墓地除外是费用；②卡组送墓是效果，二者不能混为同一除去能力。
62849088,妖眼之相剑师,相剑,set:16b,none,现有构筑／模组使用；补齐完整系列,33,4c869a41e446ac84a1d0ada97d089f73ed874c8618d806bf7052efb1847fefa6,"m-pre,m1,m2",16198,https://www.db.yugioh-card.com/yugiohdb/faq_search.action?cid=16198&ope=4&request_locale=ja,reviewed-added,①需要场上表侧无效怪兽；②三种来源对应互斥处理，额外卡组分支处理时选而不取对象。
69248256,相剑大师-赤霄,相剑,set:16b,reviewed,现有构筑／模组使用；补齐完整系列,8225,c534d80ebd8e63c15d28f0c02a110e97d80245ec89ea60549fb7e0000af3bbac,"m-pre,m1,m2",16527,https://www.db.yugioh-card.com/yugiohdb/faq_search.action?cid=16527&ope=4&request_locale=ja,skip-existing-reviewed,旧条目卡文指纹、分段、类别及官方OCG卡页/FAQ仍一致；保留原条目
74405783,三英之相剑师,相剑,set:16b,none,现有构筑／模组使用；补齐完整系列,8225,183e82b64ba78d215c79d40bac3417cb982ae92a3f48213c13cbfbcdc4743f11,"m-pre,m1,m2",22356,https://www.db.yugioh-card.com/yugiohdb/faq_search.action?cid=22356&ope=4&request_locale=ja,reviewed-added,②先无效效果再条件性破坏，可取自身为对象；①检索卡组或墓地。
78836195,瑞相剑究,相剑,set:16b,none,现有构筑／模组使用；补齐完整系列,4,d09117f245a06237e39eb10d5e56cfe56fb7e267a84fd1c0f8fef88558df3ab9,"m-pre,m1,m2",16558,https://www.db.yugioh-card.com/yugiohdb/faq_search.action?cid=16558&ope=4&request_locale=ja,reviewed-added,①墓地最多5张除外是处理，非费用；②生成衍生物带存续型额外卡组限制。
82489470,轩辕之相剑师,相剑,set:16b,none,现有构筑／模组使用；补齐完整系列,4129,85ee709b7c6fe78339d58ce031e18866e2922dbb3ac23b049789e1d4604aabc3,"m-pre,m1,m2",17064,https://www.db.yugioh-card.com/yugiohdb/faq_search.action?cid=17064&ope=4&request_locale=ja,reviewed-added,①攻击无效不是效果无效；②场上或墓地自我除外是费用。
83308376,赫圣之相剑,相剑,set:16b,none,现有构筑／模组使用；补齐完整系列,2,ebe9ab27f351cdf4937fa594f5e384c543461fd55df0f3cf860ab971e291d075,"m-pre,m1,m2",18515,https://www.db.yugioh-card.com/yugiohdb/faq_search.action?cid=18515&ope=4&request_locale=ja,reviewed-added,①场上／墓地对象除外；②墓地同调怪兽除外为费用，回收本卡为处理。
93490856,相剑军师-龙渊,相剑,set:16b,reviewed,现有构筑／模组使用；补齐完整系列,33,cfdb1755fd1aab4350e9c03720b04df77700109ed75b23f4b76792308c5e8eb1,"m-pre,m1,m2",16491,https://www.db.yugioh-card.com/yugiohdb/faq_search.action?cid=16491&ope=4&request_locale=ja,skip-existing-reviewed,旧条目卡文指纹、分段、类别及官方OCG卡页/FAQ仍一致；保留原条目
93850690,大灵峰相剑门,相剑,set:16b,none,现有构筑／模组使用；补齐完整系列,2,7b97be0444d67a140e0b769491cf4d84e88194f3a7d395e80b17595843a2f776,"m-pre,m1,m2",16540,https://www.db.yugioh-card.com/yugiohdb/faq_search.action?cid=16540&ope=4&request_locale=ja,reviewed-added,①复活墓地对象，扩大为幻龙族须有表侧同调怪兽；②只在表侧除外触发。
96633955,相剑大公-承影,相剑,set:16b,none,现有构筑／模组使用；补齐完整系列,8225,50c9b56ba5635ec606a28236605687d837e7adc4a9c9fa017523fbb08bdee668,"m-pre,m1,m2,m3",16528,https://www.db.yugioh-card.com/yugiohdb/faq_search.action?cid=16528&ope=4&request_locale=ja,reviewed-added,②是可选破坏替代；③要求对方场上与墓地在发动及处理时均有卡。
99137266,忆念之相剑,相剑,set:16b,none,现有构筑／模组使用；补齐完整系列,131076,8629ac663fbcbd1999f1b2bca766d6aa9d2e874dabfed1a363cbcc26d723cde0,"m-pre,m1,m2",16872,https://www.db.yugioh-card.com/yugiohdb/faq_search.action?cid=16872&ope=4&request_locale=ja,reviewed-added,可单纯发动永续陷阱，①有被除外事件前提；②在表侧除外区触发。
197042,救祓少女连祷,驱魔姐妹,set:172,none,现有资料／系列展示；补齐完整系列,4,1e7ca3a6297c923f207812d38b044520fe57d0cdb326d0cb4c62ea605dd26582,"m-pre,m1",17478,https://www.db.yugioh-card.com/yugiohdb/faq_search.action?cid=17478&ope=4&request_locale=ja,reviewed-added,先除外对象，再二选一追加超量召唤或第二张除外；第二分支有本回合超量召唤前提。
4408198,救祓少女阿门武装,驱魔姐妹,set:172,none,现有资料／系列展示；补齐完整系列,65538,d32af9a0e2b77e6f0647816a27c8849b2986925bc7588997d7291a533ad89d59,"m-pre,m1",16745,https://www.db.yugioh-card.com/yugiohdb/faq_search.action?cid=16745&ope=4&request_locale=ja,reviewed-added,速攻魔法的己方回合可发动性取决于对方场上墓地特召怪兽；800LP是费用。
5352328,救祓少女·索菲娅,驱魔姐妹,set:172,none,现有资料／系列展示；补齐完整系列,33,0918bb95b8d20b961de03c22bce1deddeba8cb8568a4bd1b796cd949428f6e6d,"m-pre,m1,m2",16739,https://www.db.yugioh-card.com/yugiohdb/faq_search.action?cid=16739&ope=4&request_locale=ja,reviewed-added,①抽1后有条件回复；②仅在对方使任一方墓地卡离开时触发。
5530780,救祓少女·吉卜利娜,驱魔姐妹,set:172,none,现有资料／系列展示；补齐完整系列,8388641,5b707d84568946275ec95ca3043ff1fd1a43bd61b92c350fca6f7a0a00e0c715,"m-pre,m1,m2,m3",16742,https://www.db.yugioh-card.com/yugiohdb/faq_search.action?cid=16742&ope=4&request_locale=ja,reviewed-added,①是快速效果，②为特定来源怪兽效果破坏耐性，③加攻覆盖本回合后来出现的超量怪兽。
16474916,救祓少女·埃莉丝,驱魔姐妹,set:172,none,现有资料／系列展示；补齐完整系列,33,46b9776e1cc83476950fa12c71fefacd4ef7ceee61befeb0648f31f6f9a0470b,"m-pre,m1,m2",16736,https://www.db.yugioh-card.com/yugiohdb/faq_search.action?cid=16736&ope=4&request_locale=ja,reviewed-added,①手卡特召后才可条件回复；②从额外卡组叠放超量召唤不是从墓地特召。
30802207,救祓少女把握今魔,驱魔姐妹,set:172,none,现有资料／系列展示；补齐完整系列,131074,3b217b28f80d16745a1e5138048bc984fb15d4af9ee94eb7dac3d072394013d7,"m-pre,m1,m2,m3",16746,https://www.db.yugioh-card.com/yugiohdb/faq_search.action?cid=16746&ope=4&request_locale=ja,reviewed-added,①不入连锁目标限制；②宣言原名效果无效；③攻击宣言时对象破坏。
37343995,救祓少女·马尔法,驱魔姐妹,set:172,none,现有资料／系列展示；补齐完整系列,33,f1591237bcb360dcc471558eac55c1b89ec3e4c85ad3a2a713e0d6e80151a24a,"m-pre,m1,m2",17427,https://www.db.yugioh-card.com/yugiohdb/faq_search.action?cid=17427&ope=4&request_locale=ja,reviewed-added,①整回合救祓少女自锁有发动前检查，与共赴何方的处理后额外卡组自锁不同。
41524885,救祓少女·阿索菲勒,驱魔姐妹,set:172,none,现有资料／系列展示；补齐完整系列,8388641,1a4fd926abb40fa904ba73ad0144350bcc291fa6f7b05e440ea956e2694bc068,"m-pre,m1,m2,m3",16743,https://www.db.yugioh-card.com/yugiohdb/faq_search.action?cid=16743&ope=4&request_locale=ja,reviewed-added,①墓地卡发动封锁从处理后生效，已发动效果与不入连锁效果不倒退；③取除素材为费用。
42741437,救祓少女·米迦埃莉丝,驱魔姐妹,set:172,reviewed,现有资料／系列展示；补齐完整系列,8388641,9af896d3091b95cfb9be47f9a6b4f3ca89e688f1a3e727b934272d67eaaeaff4,"m-pre,m1,m2,m3",16740,https://www.db.yugioh-card.com/yugiohdb/faq_search.action?cid=16740&ope=4&request_locale=ja,skip-existing-reviewed,旧条目卡文指纹、分段、类别及官方OCG卡页/FAQ仍一致；保留原条目
42741438,救祓少女·米迦埃莉丝,驱魔姐妹,set:172,none,现有资料／系列展示；补齐完整系列,8388641,9af896d3091b95cfb9be47f9a6b4f3ca89e688f1a3e727b934272d67eaaeaff4,"m-pre,m1,m2,m3",16740,https://www.db.yugioh-card.com/yugiohdb/faq_search.action?cid=16740&ope=4&request_locale=ja,reviewed-added,异画卡号42741438与已核对42741437卡文/type/官方cid相同；独立按本地卡号标注。
43863925,救祓少女·斯特拉,驱魔姐妹,set:172,none,现有资料／系列展示；补齐完整系列,33,2e30dbb9bd11356060c64fc62b77efc80f80857c59bc5a8007da3d5e12566880,"m-pre,m1,m2",16737,https://www.db.yugioh-card.com/yugiohdb/faq_search.action?cid=16737&ope=4&request_locale=ja,reviewed-added,①先特召再有条件回复；②为对方使卡离开墓地的诱发叠放。
52335937,救祓少女圣母悼歌,驱魔姐妹,set:172,none,现有资料／系列展示；补齐完整系列,131074,50ddb01d2a2ed196073b33c9e713220811701eae6b4136287a3eea685ff3011e,"m-pre,m1,m2,m3",22168,https://www.db.yugioh-card.com/yugiohdb/faq_search.action?cid=22168&ope=4&request_locale=ja,reviewed-added,①检索后丢弃是效果处理；②处理后立即通常召唤；③由对方选墓地怪兽除外。
59242457,救祓少女们的圣母颂歌,驱魔姐妹,set:172,none,现有资料／系列展示；补齐完整系列,8388641,5f4cc4a55f1eb887606ee1645c08fc787823e600c9738aececcb666cf0c6f3b6,"m-pre,m1,m2,m3",17157,https://www.db.yugioh-card.com/yugiohdb/faq_search.action?cid=17157&ope=4&request_locale=ja,reviewed-added,基础卡59242457与异画59242458本地卡文、type一致且同用官方cid 17157；分别按本地整数卡号入库。
59242458,救祓少女们的圣母颂歌,驱魔姐妹,set:172,none,现有资料／系列展示；补齐完整系列,8388641,5f4cc4a55f1eb887606ee1645c08fc787823e600c9738aececcb666cf0c6f3b6,"m-pre,m1,m2,m3",17157,https://www.db.yugioh-card.com/yugiohdb/faq_search.action?cid=17157&ope=4&request_locale=ja,reviewed-added,基础卡59242457与异画59242458本地卡文、type一致且同用官方cid 17157；分别按本地整数卡号入库。
77675029,救祓少女·卡尔麦尔,驱魔姐妹,set:172,none,现有资料／系列展示；补齐完整系列,8388641,d5162c159953fc2ec176b9b2d761114ed443cc6c7a864af5772790291f153f79,"m-pre,m1,m2",22147,https://www.db.yugioh-card.com/yugiohdb/faq_search.action?cid=22147&ope=4&request_locale=ja,reviewed-added,①延迟结束阶段盖放不另开连锁；②改变对方效果，取除素材发生在处理时，不能记作费用或无效。
77891946,救祓少女共赴何方,驱魔姐妹,set:172,none,现有资料／系列展示；补齐完整系列,4,d4019078d26598659e981d756c97762a7eafed3054546dbacb9557dcd5e383b9,"m-pre,m1",16747,https://www.db.yugioh-card.com/yugiohdb/faq_search.action?cid=16747&ope=4&request_locale=ja,reviewed-added,两次卡组特召视为同时；结束阶段回卡组与处理后额外自锁均有独立适用前提。
77913594,救祓少女和平问候,驱魔姐妹,set:172,none,现有资料／系列展示；补齐完整系列,65538,77e2beab4048acc1a16d3a69450f1de500ecd3500078e80dc578c5315abc36cd,"m-pre,m1",16744,https://www.db.yugioh-card.com/yugiohdb/faq_search.action?cid=16744&ope=4&request_locale=ja,reviewed-added,主要阶段速攻检索；检索成功且伙伴在己方场上或墓地才可追加特召。
78135071,救祓少女·卡斯皮特尔,驱魔姐妹,set:172,none,现有资料／系列展示；补齐完整系列,8388641,fc118103100ba30e2dae36c1a38346c59bb4d729c117fa1a3394cdf9290afe93,"m-pre,m1,m2,m3",16741,https://www.db.yugioh-card.com/yugiohdb/faq_search.action?cid=16741&ope=4&request_locale=ja,reviewed-added,①已适用的墓地特召封锁不随自身离场解除；③素材取除为费用。
79858629,救祓少女·伊雷娜,驱魔姐妹,set:172,none,现有资料／系列展示；补齐完整系列,33,5d7b210f8347a594cc77f2412931a831636c27e644b4daa409e567ed4c0ea5f9,"m-pre,m1,m2",16738,https://www.db.yugioh-card.com/yugiohdb/faq_search.action?cid=16738&ope=4&request_locale=ja,reviewed-added,①手卡回卡组底是费用，效果仅抽卡并条件回复；②对方移走墓地卡时诱发。
1295111,转生炎兽的圣域,转生炎兽,set:119,none,现有构筑／模组使用；补齐完整系列,524290,61c5ddd05d28c66d88afcc72a9d77f8c851dc36057ca51e317e9fc319b6b65ff,"m-pre,m1,m2",13938,https://www.db.yugioh-card.com/yugiohdb/faq_search.action?cid=13938&ope=4&request_locale=ja,reviewed-added,①是连接素材规则修改、不入连锁；②在伤害计算时支付LP并先变0再回复。
9608555,转生炎兽 烈焰龙,转生炎兽,set:119,none,现有构筑／模组使用；补齐完整系列,8388641,8a30d7d42664b7d4d59a6447b022832850220e3fe1d75032cf9dac7a7ef5eaec,"m-pre,m1,m2,m3",14785,https://www.db.yugioh-card.com/yugiohdb/faq_search.action?cid=14785&ope=4&request_locale=ja,reviewed-added,①取除素材为永续破坏替代；②战斗阶段快速叠放，③处理时选怪兽而非取对象。
10140443,转生炎兽 爆裂狮鹫,转生炎兽,set:119,none,现有构筑／模组使用；补齐完整系列,8225,84310db06f6283f1fb7a0a49e29cf70929afd0adf958d45fdaf766946255f2ea,"m-pre,m1,m2",18911,https://www.db.yugioh-card.com/yugiohdb/faq_search.action?cid=18911&ope=4&request_locale=ja,reviewed-added,①处理时特召与降级同时，自锁另适用；②建立下一准备阶段延迟复活。
11962031,炽焰转生炎兽小妖,转生炎兽,set:119,none,现有构筑／模组使用；补齐完整系列,33,a7b9593d85eedb7bbac88f6e2b1014de35aedfaa38ca4c5a2229aed7f5c10b4a,"m-pre,m1,m2",18908,https://www.db.yugioh-card.com/yugiohdb/faq_search.action?cid=18908&ope=4&request_locale=ja,reviewed-added,①检索后施加处理起始的炎属性自锁；②墓地除外费用后破坏己方战斗怪兽。
13173832,转生炎兽 狼獾,转生炎兽,set:119,none,现有构筑／模组使用；补齐完整系列,33,60e05269cc521ce49b232802cda841350311dfaa6d0a5122401b9b8285477399,"m-pre,m1,m2,m3",14080,https://www.db.yugioh-card.com/yugiohdb/faq_search.action?cid=14080&ope=4&request_locale=ja,reviewed-added,①非连锁效果赋予链接怪兽耐性；②③互斥，③展示自身是费用，额外卡组怪兽回额外而非手卡。
14812471,转生炎兽 烽火猞猁,转生炎兽,set:119,reviewed,现有构筑／模组使用；补齐完整系列,67108897,fbc44ac288d5b1819facb518f01ff3eaf208cae0b5fb22a3f249d939b11fb7ed,"m-pre,m1,m2",14249,https://www.db.yugioh-card.com/yugiohdb/faq_search.action?cid=14249&ope=4&request_locale=ja,skip-existing-reviewed,旧条目卡文指纹、分段、类别及官方OCG卡页/FAQ仍一致；保留原条目
14934922,转生炎兽的愤怒,转生炎兽,set:119,none,现有构筑／模组使用；补齐完整系列,4,bd767f3711f03809cc95b2198d6cd73a35fb8c9018b73dddfcc56298a3b2f87b,"m-pre,m1",14246,https://www.db.yugioh-card.com/yugiohdb/faq_search.action?cid=14246&ope=4&request_locale=ja,reviewed-added,两●发动时互斥；只有第一分支有送墓费用，第二分支不以待破坏的对方卡为对象。
16313112,转生炎兽 翠玉鹰,转生炎兽,set:119,none,现有构筑／模组使用；补齐完整系列,161,4556c28a6e326025108eaf2e39ea305e58fa628bbbbfd93b4a7df67a3ff8280b,"m-pre,m1,m2",13920,https://www.db.yugioh-card.com/yugiohdb/faq_search.action?cid=13920&ope=4&request_locale=ja,reviewed-added,①以场上同名怪兽完成仪式召唤后才全破坏；②解放是费用，随后赋予未来的战斗破坏与伤害效果。
19027895,转生炎兽的复活,转生炎兽,set:119,none,现有构筑／模组使用；补齐完整系列,4,c63d3042b1b6c03dc7fc8ca76f27947f157297de99c72e9fb74c33d463dda40a,"m-pre,m1,m2",18914,https://www.db.yugioh-card.com/yugiohdb/faq_search.action?cid=18914&ope=4&request_locale=ja,reviewed-added,①墓地对象复活；②自身除外费用后，先回同名墓地怪兽再给场上对象加攻。
20618081,转生炎兽 猎鹰,转生炎兽,set:119,reviewed,现有构筑／模组使用；补齐完整系列,33,3d662e65faf2657bc64ad4b8388aa64808c1cc95dffa49b45602ad409de3a48c,"m-pre,m1,m2",13891,https://www.db.yugioh-card.com/yugiohdb/faq_search.action?cid=13891&ope=4&request_locale=ja,skip-existing-reviewed,旧条目卡文指纹、分段、类别及官方OCG卡页/FAQ仍一致；保留原条目
20788863,转生炎兽的赠礼,转生炎兽,set:119,none,现有构筑／模组使用；补齐完整系列,131076,8eb00f53767ae8cfd0dda494ea1f2967ed1537998508e2a5d9715081b9a956fe,"m-pre,m1,m2",13954,https://www.db.yugioh-card.com/yugiohdb/faq_search.action?cid=13954&ope=4&request_locale=ja,reviewed-added,①费用丢弃、处理送墓后抽1；②同样费用丢弃但抽2，两个效果互斥。
25166510,转生炎兽 暴晒野牛,转生炎兽,set:119,none,现有构筑／模组使用；补齐完整系列,33,d724c3fdf13ecc97048f7b95fa92f30a5ad0d81741b437ec6a82297d4229d6b6,"m-pre,m1,m2",14243,https://www.db.yugioh-card.com/yugiohdb/faq_search.action?cid=14243&ope=4&request_locale=ja,reviewed-added,②墓地连接怪兽是对象，对方表侧卡在处理时选；返回与后续可选无效有顺序。
25800447,炽焰融合,转生炎兽,set:119,none,现有构筑／模组使用；补齐完整系列,2,9993c313a6cdd0317ff56820c2765c8fafa479080adb3859ce79af69c7493075,"m-pre,m1",14134,https://www.db.yugioh-card.com/yugiohdb/faq_search.action?cid=14134&ope=4&request_locale=ja,reviewed-added,融合素材在结算时选、不是发动费用；从双方场上或己方手卡取素材，随后融合召唤。
26889158,转生炎兽 羚羊,转生炎兽,set:119,reviewed,现有构筑／模组使用；补齐完整系列,33,0a8336205e3f014b7f54ab718f3ee53f6719fff8c74189c3f2c7e812b6301577,"m-pre,m1,m2",14240,https://www.db.yugioh-card.com/yugiohdb/faq_search.action?cid=14240&ope=4&request_locale=ja,skip-existing-reviewed,旧条目卡文指纹、分段、类别及官方OCG卡页/FAQ仍一致；保留原条目
28534130,转生炎兽的炎虞,转生炎兽,set:119,none,现有构筑／模组使用；补齐完整系列,65538,5804bfe47d30f1c996cff7f550a3c19af0c30c6e3646aface735d57dc2d3f768,"m-pre,m1,m2",14678,https://www.db.yugioh-card.com/yugiohdb/faq_search.action?cid=14678&ope=4&request_locale=ja,reviewed-added,①先手卡特召再效果处理后立即连接召唤；②墓地自身除外是费用，不算除外能力。
31313405,转生炎兽 火凤凰,转生炎兽,set:119,none,现有构筑／模组使用；补齐完整系列,67108897,0cd10dd9e203e54f6733355a376d8590eb3038da7405c606adedf10f74cb0e3e,"m-pre,m1,m2,m3",14666,https://www.db.yugioh-card.com/yugiohdb/faq_search.action?cid=14666&ope=4&request_locale=ja,reviewed-added,②将对方墓地连接怪兽特召给对方；③对任何来源的对方连接怪兽特召均可触发伤害。
37261776,转生炎兽 堇色奇美拉,转生炎兽,set:119,none,现有构筑／模组使用；补齐完整系列,97,7bfb7eb11f5c5d675cf8810470a55c2206d9a7ae99a1964ec1940c3e54a937fb,"m-pre,m1,m2,m3",14111,https://www.db.yugioh-card.com/yugiohdb/faq_search.action?cid=14111&ope=4&request_locale=ja,reviewed-added,①诱发加攻、②伤害计算时快速翻倍、③满足同名素材条件的永续归零分开记录。
38784726,转生炎兽的降临,转生炎兽,set:119,none,现有构筑／模组使用；补齐完整系列,130,e1d14bc5cea5d03d25d86f49589fbbc9a83847beb5dd1fbe5f0c0c4a2e4318ef,"m-pre,m1,m2",13939,https://www.db.yugioh-card.com/yugiohdb/faq_search.action?cid=13939&ope=4&request_locale=ja,reviewed-added,仪式素材解放／墓地回卡组替代都在处理时决定，与之后仪式召唤非同时。
41463181,转生炎兽 炽热多头狮,转生炎兽,set:119,none,现有构筑／模组使用；补齐完整系列,67108897,9538062102a0bb5fc88544e3fb9e9e481078e07d8d7985ec683f9d52c37c8b6b,"m-pre,m1,m2",13927,https://www.db.yugioh-card.com/yugiohdb/faq_search.action?cid=13927&ope=4&request_locale=ja,reviewed-added,①场上对方魔陷取对象回卡组；②须同名素材转生连接召唤并同时取场上与墓地两个对象。
41463182,转生炎兽 炽热多头狮,转生炎兽,set:119,none,现有构筑／模组使用；补齐完整系列,67108897,9538062102a0bb5fc88544e3fb9e9e481078e07d8d7985ec683f9d52c37c8b6b,"m-pre,m1,m2",13927,https://www.db.yugioh-card.com/yugiohdb/faq_search.action?cid=13927&ope=4&request_locale=ja,reviewed-added,本地异画卡号41463182与41463181共享官方cid但分别记录；①回对方魔陷，②取两对象改攻击力。
44161893,转生炎兽 杂交斑马X,转生炎兽,set:119,none,现有构筑／模组使用；补齐完整系列,33,d6ad4744f181457bc5e34f4c782fd3c25c0c337922c0ca58f3d74a772b6d78f5,"m-pre,m1,m2",14989,https://www.db.yugioh-card.com/yugiohdb/faq_search.action?cid=14989&ope=4&request_locale=ja,reviewed-added,①先特召2只并无效其效果，处理后必须立即超量召唤；②非连锁赋予超量怪兽持续加攻。
46898368,逆卷之炎的宝札,转生炎兽,set:119,none,现有构筑／模组使用；补齐完整系列,2,113ed4273c002a86ed6fb56d92e6e3190e50c7af101e2f5cd29d07b360f38459,"m-pre,m1",15043,https://www.db.yugioh-card.com/yugiohdb/faq_search.action?cid=15043&ope=4&request_locale=ja,reviewed-added,规则上的系列身份与整回合炎属性限制在前置段；①仅抽目标连接标记数的卡。
49094491,转生炎兽 阔耳狐,转生炎兽,set:119,none,现有构筑／模组使用；补齐完整系列,33,1c50cbe91ff61e538789f4da036aef5d5c0e0fe88825521cf027285872fc78ff,"m-pre,m1,m2",14253,https://www.db.yugioh-card.com/yugiohdb/faq_search.action?cid=14253&ope=4&request_locale=ja,reviewed-added,①触发怪兽须保持从额外特召身份；②作为素材且连接召唤成功后检索通常魔法。
51339637,转生炎兽的咆哮,转生炎兽,set:119,reviewed,现有构筑／模组使用；补齐完整系列,1048580,f1f777a040bcc1428119e430663abc322604f0719efac19b883dd61f260aa5c5,"m-pre,m1,m2",14247,https://www.db.yugioh-card.com/yugiohdb/faq_search.action?cid=14247&ope=4&request_locale=ja,skip-existing-reviewed,旧条目卡文指纹、分段、类别及官方OCG卡页/FAQ仍一致；保留原条目
52155219,转生炎兽的炎阵,转生炎兽,set:119,none,现有构筑／模组使用；补齐完整系列,65538,228fec6ae8a01e0b915513bfe98150ee7ec08cb989fc89084e041a90e4f76028,"m-pre,m1",14244,https://www.db.yugioh-card.com/yugiohdb/faq_search.action?cid=14244&ope=4&request_locale=ja,reviewed-added,速攻魔法两个互斥分支：检索无对象，保护只针对已转生连接召唤的己方连接怪兽。
52277807,转生炎兽 犰狳蜥,转生炎兽,set:119,reviewed,现有构筑／模组使用；补齐完整系列,33,58280e8b955c84c1e78323a3d3679690a5e0598307863140ddfe323977f9e6a9,"m-pre,m1,m2",14241,https://www.db.yugioh-card.com/yugiohdb/faq_search.action?cid=14241&ope=4&request_locale=ja,skip-existing-reviewed,旧条目卡文指纹、分段、类别及官方OCG卡页/FAQ仍一致；保留原条目
53490455,转生炎兽 貉子,转生炎兽,set:119,none,现有构筑／模组使用；补齐完整系列,33,facda9b2a0b713cb7d6f598296b5548e616f440d43c22f8e908451caaaf8db04,"m-pre,m1,m2",14238,https://www.db.yugioh-card.com/yugiohdb/faq_search.action?cid=14238&ope=4&request_locale=ja,reviewed-added,①送墓自身是费用，回复和己方战斗保护可因对象状态各自处理；②墓地自回手。
54529134,转生炎兽的超转生,转生炎兽,set:119,none,现有构筑／模组使用；补齐完整系列,65538,b776136381b72ca00568792f219954441137f4b07e2fda64b90d53d2c4e9ba90,"m-pre,m1",14679,https://www.db.yugioh-card.com/yugiohdb/faq_search.action?cid=14679&ope=4&request_locale=ja,reviewed-added,速攻魔法执行单素材同名连接召唤，目标和额外卡组同名卡须在发动时满足。
56003780,转生炎兽 灯火美洲豹,转生炎兽,set:119,reviewed,现有构筑／模组使用；补齐完整系列,33,9a7287f6b8a480b9e970ed3993361425cb2e6a1ff987d539e0ffba6e309fab8b,"m-pre,m1,m2",13892,https://www.db.yugioh-card.com/yugiohdb/faq_search.action?cid=13892&ope=4&request_locale=ja,skip-existing-reviewed,旧条目卡文指纹、分段、类别及官方OCG卡页/FAQ仍一致；保留原条目
57134592,转生炎兽 烈火凤凰,转生炎兽,set:119,none,现有构筑／模组使用；补齐完整系列,67108897,504dd497139edc42773752e57719667f2a5b2bbabaa5d0d0471e4d95b1670d54,"m-pre,m1,m2",18912,https://www.db.yugioh-card.com/yugiohdb/faq_search.action?cid=18912&ope=4&request_locale=ja,reviewed-added,①同名转生连接后检索；②在墓地响应己方表侧炎属性破坏，选被破坏怪兽并特召后同时加攻。
57357130,转生炎兽 鼬鼠,转生炎兽,set:119,none,现有构筑／模组使用；补齐完整系列,4129,d3da92c328d493c6b05d603d2093b1b1f30c4de9f2d7bbaa1159d656a096c622,"m-pre,m1,m2",18909,https://www.db.yugioh-card.com/yugiohdb/faq_search.action?cid=18909&ope=4&request_locale=ja,reviewed-added,②可以由自身作为素材的特召触发；回自身卡组底、送对象去对方场上、抽1的执行者和顺序分明。
59577547,转生炎兽 鹦鹉,转生炎兽,set:119,none,现有构筑／模组使用；补齐完整系列,33,2a122daacc49c069d91641c61dbd441c403adff2bb85cb3e155a0382308d9458,"m-pre,m1,m2,m3",14081,https://www.db.yugioh-card.com/yugiohdb/faq_search.action?cid=14081&ope=4&request_locale=ja,reviewed-added,①手卡攻击宣言诱发；②墓地攻击力不同才可取对象；③自身解放为费用。
60303245,转生炎兽 独角兔,转生炎兽,set:119,none,现有构筑／模组使用；补齐完整系列,67108897,6d55ca4d3ff8c8e6e49cc50c524e96f009f11452186913f1b110856fa82fa970,"m-pre,m1,m2",14338,https://www.db.yugioh-card.com/yugiohdb/faq_search.action?cid=14338&ope=4&request_locale=ja,reviewed-added,①解放为费用的快速保护；②仅在通常召唤的己方怪兽被战斗破坏后墓地自我特召。
64178424,转生炎兽的意志,转生炎兽,set:119,none,现有构筑／模组使用；补齐完整系列,131074,a7ab9312c31bc106ac3a2f932b35683204d632983d5db3a8b6c694288dfd1cb8,"m-pre,m1,m2",13940,https://www.db.yugioh-card.com/yugiohdb/faq_search.action?cid=13940&ope=4&request_locale=ja,reviewed-added,①处理时从手卡或墓地选1只；②送表侧永续魔法自身墓地为费用，再按对象标记数守备特召。
66947913,炽焰飞腾,转生炎兽,set:119,none,现有构筑／模组使用；补齐完整系列,262146,ce0ddba9732eba29434798588fabb7bf587a42e534dd3fe1f8dbdf5b27d9f6ea,"m-pre,m1,m2",14501,https://www.db.yugioh-card.com/yugiohdb/faq_search.action?cid=14501&ope=4&request_locale=ja,reviewed-added,①对象复活并同时装备本卡，装备加攻／离场破坏为持续处理；②被对方效果破坏后墓地无目标除外。
67225377,转生炎兽 狐獴,转生炎兽,set:119,none,现有构筑／模组使用；补齐完整系列,33,c0520a4faca5ac052695091ca5646425deebe710364316cde10b5a6530e77bcc,"m-pre,m1,m2",13889,https://www.db.yugioh-card.com/yugiohdb/faq_search.action?cid=13889&ope=4&request_locale=ja,reviewed-added,①展示自身与②丢弃另一张卡均为费用，但触发时点分别是入手诱发／手卡起动。
71861848,转生炎兽 郊狼,转生炎兽,set:119,none,现有构筑／模组使用；补齐完整系列,33,4f5f515ca6fc34a03cfcba710709a6a2a328f76579c47638154bb614268702d6,"m-pre,m1",14543,https://www.db.yugioh-card.com/yugiohdb/faq_search.action?cid=14543&ope=4&request_locale=ja,reviewed-added,送墓只建立结束阶段可发动条件；分支及对象在结束阶段发动时选择。
83533296,转生炎兽的炎军,转生炎兽,set:119,none,现有构筑／模组使用；补齐完整系列,65538,9e05e1433fd8f6c178603a14036f83b40ceb8b91f19305350b4f8874230eaddb,"m-pre,m1",18913,https://www.db.yugioh-card.com/yugiohdb/faq_search.action?cid=18913&ope=4&request_locale=ja,reviewed-added,第一分支发动时取3对象，任一对象丢失则不处理；第二分支单目标破坏且有己方攻原变更前提。
83554231,转生炎兽的再起,转生炎兽,set:119,none,现有构筑／模组使用；补齐完整系列,2,52c758d88bb822c1c94a9d6d55911be3e1483b9c922d41336feb1389c79e64e0,"m-pre,m1,m2",14302,https://www.db.yugioh-card.com/yugiohdb/faq_search.action?cid=14302&ope=4&request_locale=ja,reviewed-added,①取两张不同名墓地怪兽，额外卡组怪兽返回额外；②仅盖放状态效果破坏送墓后检索。
84755744,转生炎兽 老虎,转生炎兽,set:119,none,现有构筑／模组使用；补齐完整系列,4129,115da308fe4db0971c622c2d08e2607ff0163f1c638aef9add38559b758556bb,"m-pre,m1,m2,m3",18910,https://www.db.yugioh-card.com/yugiohdb/faq_search.action?cid=18910&ope=4&request_locale=ja,reviewed-added,①丢弃费用自我特召，②素材身份规则，③起动调等级分开。
86962245,转生炎兽 赤狐,转生炎兽,set:119,none,现有构筑／模组使用；补齐完整系列,33,a1733c2a2b62be272b542cf288f9a988dd0de1dc1912f47c93380cf6eda44c2a,"m-pre,m1,m2",14082,https://www.db.yugioh-card.com/yugiohdb/faq_search.action?cid=14082&ope=4&request_locale=ja,reviewed-added,①手卡送墓为费用，随后同时回墓地连接怪兽与破坏对方魔陷；②条件性墓地自特召。
87327776,转生炎兽 蜃景雄马,转生炎兽,set:119,reviewed,现有构筑／模组使用；补齐完整系列,8388641,881d63d3a1263586c4408bda1a1f3a6e4351cd380a94779758d78cdc0546755e,"m-pre,m1,m2",14248,https://www.db.yugioh-card.com/yugiohdb/faq_search.action?cid=14248&ope=4&request_locale=ja,skip-existing-reviewed,旧条目卡文指纹、分段、类别及官方OCG卡页/FAQ仍一致；保留原条目
87871125,转生炎兽 日光狼,转生炎兽,set:119,reviewed,现有构筑／模组使用；补齐完整系列,67108897,b9169646cd3c0dfc79c85c8d1613800aceb59b46485b938185a4419c0126b81d,"m-pre,m1,m2",14125,https://www.db.yugioh-card.com/yugiohdb/faq_search.action?cid=14125&ope=4&request_locale=ja,skip-existing-reviewed,旧条目卡文指纹、分段、类别及官方OCG卡页/FAQ仍一致；保留原条目
88540324,转生炎兽的烈爪,转生炎兽,set:119,none,现有构筑／模组使用；补齐完整系列,262146,78b3e42475e7d81370325ac82aba0361c09dc182f95eebca8458383213747ee1,"m-pre,m1,m2,m3",14245,https://www.db.yugioh-card.com/yugiohdb/faq_search.action?cid=14245&ope=4&request_locale=ja,reviewed-added,①同名装备存在限制，②保护与贯通，③满足转生连接条件后的多次对怪兽攻击。
89484053,转生炎兽 鼹鼠,转生炎兽,set:119,none,现有构筑／模组使用；补齐完整系列,33,1ac400bdb74026f19b032424761c45710d643849c07be52f58754cb52adb91d0,"m-pre,m1,m2",14239,https://www.db.yugioh-card.com/yugiohdb/faq_search.action?cid=14239&ope=4&request_locale=ja,reviewed-added,①连接区不足的异常送墓不是效果；②墓地自身除外为费用，五对象回卡组后至少成功一张才抽2。
89662401,转生炎兽 孔雀,转生炎兽,set:119,none,现有构筑／模组使用；补齐完整系列,33,6d0a64a1b9fb1aaa554e26b9bb30bb583e2a807ac3478c4564d8caa53a642b5c,"m-pre,m1,m2",14242,https://www.db.yugioh-card.com/yugiohdb/faq_search.action?cid=14242&ope=4&request_locale=ja,reviewed-added,①手卡特召；②手卡／表侧己方场上系列卡送墓为费用，锁定对方盖放魔陷发动。
92345028,炽焰狂怒,转生炎兽,set:119,none,现有构筑／模组使用；补齐完整系列,2,f7302b68abc11f5efc658a4e1400004ec3301883e691294dee6f1bd32227280d,"m-pre,m1",14502,https://www.db.yugioh-card.com/yugiohdb/faq_search.action?cid=14502&ope=4&request_locale=ja,reviewed-added,规则上的系列归属不是效果；①处理时选1或2只不同名且非墓地连接的系列怪兽，再限制额外卡组特召次数。
94620082,转生炎兽 狐狸,转生炎兽,set:119,reviewed,现有构筑／模组使用；补齐完整系列,33,7905baed076beed060931d91c0279c95e2284e10ec84e38ccf8646ea9d8ea0a0,"m-pre,m1,m2",13890,https://www.db.yugioh-card.com/yugiohdb/faq_search.action?cid=13890&ope=4&request_locale=ja,skip-existing-reviewed,旧条目卡文指纹、分段、类别及官方OCG卡页/FAQ仍一致；保留原条目
5041348,天威之龙鬼神,天威,set:12c,none,相剑常用协同系列；补齐完整系列,8225,2e7d9e6ee8737726c57a965a930971d7f5a8187dde7bf37879c104e0b1eec936,"m-pre,m1,m2",14662,https://www.db.yugioh-card.com/yugiohdb/faq_search.action?cid=14662&ope=4&request_locale=ja,reviewed-added,①只是除外怪兽，不能误标发动无效；②战斗破坏送墓后强制触发并获一次对怪兽追加攻击。
5402805,天威之鬼神,天威,set:12c,none,相剑常用协同系列；补齐完整系列,67108865,55495fafcfede16c0883244041b33794a3a8ae1526101d44e29a15fb13290143,m-all,14493,https://www.db.yugioh-card.com/yugiohdb/faq_search.action?cid=14493&ope=4&request_locale=ja,reviewed-added,天威之鬼神没有怪兽效果；记录完整连接素材要求，不从卡名或连接身份推断能力。
21834870,天威无双之拳,天威,set:12c,none,相剑常用协同系列；补齐完整系列,1048580,f7b8b7ca57edf8f07d7cd93f7c3a627f5eba2834d4f97eb72174ab5bd0fd6719,"m1,m2",14518,https://www.db.yugioh-card.com/yugiohdb/faq_search.action?cid=14518&ope=4&request_locale=ja,reviewed-added,①发动无效但不破坏，且不能响应普通已在场魔陷效果；②盖放被对方效果破坏后特召非效果额外怪兽。
23431858,天威龙-大同蟠龙,天威,set:12c,none,相剑常用协同系列；补齐完整系列,33,3274233b7c33328ac5a34f85d48e141bc6113007b5272457b2dd689dff4d8fac,"m-pre,m1,m2",14460,https://www.db.yugioh-card.com/yugiohdb/faq_search.action?cid=14460&ope=4&request_locale=ja,reviewed-added,①手卡起动特召；②除外自身为费用，对方场上卡回持有者手卡。
23935886,天威之龙拳圣,天威,set:12c,none,相剑常用协同系列；补齐完整系列,67108897,8982ce832fe649bb19e4d670818a57430c5a97115c6dc26bc8d8adbd223aa81d,"m-pre,m1,m2",14795,https://www.db.yugioh-card.com/yugiohdb/faq_search.action?cid=14795&ope=4&request_locale=ja,reviewed-added,①特定战斗耐性；②无对象破坏对方效果怪兽，处理时选择最多可破坏数量。
24557335,天威龙-真知蟠龙,天威,set:12c,none,相剑常用协同系列；补齐完整系列,33,60a0a804ee0465316e50b58a8dc5151e96315efd0e070ad6aa648d7ae3fab647,"m-pre,m1,m2",14457,https://www.db.yugioh-card.com/yugiohdb/faq_search.action?cid=14457&ope=4&request_locale=ja,reviewed-added,①同系列手卡特召；②破坏后除外自身费用，复活对象成功后可不取对象破坏对方怪兽。
32519092,天威之拳僧,天威,set:12c,none,相剑常用协同系列；补齐完整系列,67108865,3b991c13261089d5d81a3cf67de205a117d25ac82b32da2de95fc67b556d2666,m-all,14491,https://www.db.yugioh-card.com/yugiohdb/faq_search.action?cid=14491&ope=4&request_locale=ja,reviewed-added,天威之拳僧为无效果连接怪兽，只标完整素材规则；不凭链接怪兽身份生成能力。
38030232,天威龙-自觉蟠龙,天威,set:12c,none,相剑常用协同系列；补齐完整系列,67108897,6928f7bd695e3f11ee16448856d819c2edf3b406efae1851b92fc87a0b2301ce,"m-pre,m1,m2",14949,https://www.db.yugioh-card.com/yugiohdb/faq_search.action?cid=14949&ope=4&request_locale=ja,reviewed-added,①条件性目标保护；②取对方表侧效果怪兽为对象，快速特召衍生物并立即改攻击力。
39730727,天威无崩之地,天威,set:12c,none,相剑常用协同系列；补齐完整系列,524290,b1cffba7db5f468cd8aadbee6e26222c35130950f1f0af850ce9f652e6dad09a,"m1,m2",14503,https://www.db.yugioh-card.com/yugiohdb/faq_search.action?cid=14503&ope=4&request_locale=ja,reviewed-added,①场地区怪兽效果免疫；②发动时才检查己方非效果怪兽，且对方须表侧特召效果怪兽。
52854600,天威龙-太阳蟠龙,天威,set:12c,none,相剑常用协同系列；补齐完整系列,4129,1d10fce42fbd1f3ae32842cc8a5896459f8d7c88aa341414621254f6548726ad,"m-pre,m1,m2",20760,https://www.db.yugioh-card.com/yugiohdb/faq_search.action?cid=20760&ope=4&request_locale=ja,reviewed-added,②同调召唤成功后额外特召天威连接怪兽，再由自己失去LP；不能错误挂效果伤害 TAG。
60942444,天威龙-正道蟠龙,天威,set:12c,none,相剑常用协同系列；补齐完整系列,33,3903fbe7b280406d3a1623cfc3acab298c767279529b2cadb4726db5f1075634,"m-pre,m1,m2",14458,https://www.db.yugioh-card.com/yugiohdb/faq_search.action?cid=14458&ope=4&request_locale=ja,reviewed-added,②必须响应取己方非效果怪兽为对象的对方效果；从手卡／墓地除外自身为费用并无效发动后破坏。
73121813,天威龙-根轮纯真蟠龙,天威,set:12c,none,相剑常用协同系列；补齐完整系列,8225,5f01fd4249a4e1edf7d360b0d5a64dcdcf50b65e83e2592437b2d7ae0432eda2,"m-pre,m1,m2",20779,https://www.db.yugioh-card.com/yugiohdb/faq_search.action?cid=20779&ope=4&request_locale=ja,reviewed-added,①墓地加除外幻龙族数量在发动时检查；②双方任一方表侧非效果怪兽使本卡获得保护与二次攻击。
77946022,天威无穷之境地,天威,set:12c,none,相剑常用协同系列；补齐完整系列,524290,278e51e0dafdc27a66b99edee49a7f703f6791d5479965680ab0d5108c547f74,"m-pre,m1,m2,m3",20799,https://www.db.yugioh-card.com/yugiohdb/faq_search.action?cid=20799&ope=4&request_locale=ja,reviewed-added,①卡发动时可选检索；②解放为费用后对象破坏；③结束阶段先效果送墓再表侧放置另一场地。
78917791,天威之龙仙女,天威,set:12c,none,相剑常用协同系列；补齐完整系列,67108897,79f944da0a6fef1a25a83d8bd0ec491892244cba313afd30f185102cd32abf02,"m-pre,m1,m2",14492,https://www.db.yugioh-card.com/yugiohdb/faq_search.action?cid=14492&ope=4&request_locale=ja,reviewed-added,①手卡丢弃费用后复活幻龙族，限制的是非天威额外怪兽的效果发动；②双方攻击宣言均可触发。
87052196,天威龙-宽恕蟠龙,天威,set:12c,none,相剑常用协同系列；补齐完整系列,33,831db5964cdb9b3412f03a2cb8a883757f0baccabc5014e3e5f87f8e0d09d3ea,"m-pre,m1,m2",14646,https://www.db.yugioh-card.com/yugiohdb/faq_search.action?cid=14646&ope=4&request_locale=ja,reviewed-added,①无己方表侧效果怪兽时手卡自特召；②除外自身费用后从卡组特召其他天威并自锁幻龙族。
97036149,天威龙-仁爱蟠龙,天威,set:12c,none,相剑常用协同系列；补齐完整系列,33,a6bf2da108a93bb0241cad2c0cc209402f760fcc1ddeddf18df5e5aa01a5ceaf,"m-pre,m1,m2",14459,https://www.db.yugioh-card.com/yugiohdb/faq_search.action?cid=14459&ope=4&request_locale=ja,reviewed-added,②双方攻击宣言都可触发，但要求双方战斗怪兽表侧且己方是非效果怪兽。
98159737,天威龙-纯真蟠龙,天威,set:12c,none,相剑常用协同系列；补齐完整系列,4129,38271b45ac229eaea8f6507490b43c4a1a3a26b08ff72aec48a586e7bbad68e2,"m-pre,m1,m2",14456,https://www.db.yugioh-card.com/yugiohdb/faq_search.action?cid=14456&ope=4&request_locale=ja,reviewed-added,②从手卡／墓地除外自身是费用，回收的是另1只已除外的己方幻龙族怪兽。
